#ifndef PSPDX_FONT_DATA_H
#define PSPDX_FONT_DATA_H

/* app/assets/font.pgf, byte for byte: the free replacement for the
   firmware's ltn8.pgf (see assets/font-NOTICE.txt), carried in the
   program for where the firmware's fonts cannot be read. Written by
   dev/embed font; the host tests hold it against the asset. */
static const unsigned char font_data[29976] = {
    0x00, 0x00, 0x88, 0x01, 0x50, 0x47, 0x46, 0x30, 0x02, 0x00, 0x00, 0x00, 0x06, 0x00, 0x00, 0x00,
    0x46, 0x22, 0x00, 0x00, 0x54, 0x01, 0x00, 0x00, 0x09, 0x00, 0x00, 0x00, 0x0c, 0x00, 0x00, 0x00,
    0x04, 0x04, 0x04, 0x00, 0x88, 0x02, 0x00, 0x00, 0x88, 0x02, 0x00, 0x00, 0x00, 0x20, 0x00, 0x00,
    0x00, 0x20, 0x00, 0x00, 0x00, 0x46, 0x54, 0x54, 0x2d, 0x4e, 0x65, 0x77, 0x52, 0x6f, 0x64, 0x69,
    0x6e, 0x20, 0x50, 0x72, 0x6f, 0x20, 0x4c, 0x61, 0x74, 0x69, 0x6e, 0x00, 0x00, 0x00, 0x00, 0x00,
    0x00, 0x00, 0x00, 0x00, 0x00, 0x00, 0x00, 0x00, 0x00, 0x00, 0x00, 0x00, 0x00, 0x00, 0x00, 0x00,
    0x00, 0x00, 0x00, 0x00, 0x00, 0x00, 0x00, 0x00, 0x00, 0x00, 0x00, 0x00, 0x00, 0x00, 0x00, 0x00,
    0x00, 0x00, 0x00, 0x00, 0x00, 0x52, 0x65, 0x67, 0x75, 0x6c, 0x61, 0x72, 0x00, 0x00, 0x00, 0x00,
    0x00, 0x00, 0x00, 0x00, 0x00, 0x00, 0x00, 0x00, 0x00, 0x00, 0x00, 0x00, 0x00, 0x00, 0x00, 0x00,
    0x00, 0x00, 0x00, 0x00, 0x00, 0x00, 0x00, 0x00, 0x00, 0x00, 0x00, 0x00, 0x00, 0x00, 0x00, 0x00,
    0x00, 0x00, 0x00, 0x00, 0x00, 0x00, 0x00, 0x00, 0x00, 0x00, 0x00, 0x00, 0x00, 0x00, 0x00, 0x00,
    0x00, 0x00, 0x00, 0x00, 0x00, 0x00, 0x20, 0x00, 0x65, 0x22, 0x00, 0x00, 0x00, 0x00, 0x01, 0x00,
    0x00, 0x00, 0x00, 0x00, 0x00, 0x00, 0x00, 0x00, 0x00, 0x00, 0x01, 0x00, 0x00, 0x00, 0x00, 0x00,
    0x00, 0x00, 0x00, 0x00, 0x40, 0x02, 0x00, 0x00, 0x7d, 0xff, 0xff, 0xff, 0x82, 0x00, 0x00, 0x00,
    0x21, 0x03, 0x00, 0x00, 0x1b, 0xfe, 0xff, 0xff, 0x0c, 0x00, 0x00, 0x00, 0x21, 0x04, 0x00, 0x00,
    0xda, 0x02, 0x00, 0x00, 0xca, 0x03, 0x00, 0x00, 0x2e, 0x03, 0x00, 0x00, 0x10, 0x00, 0x0e, 0x00,
    0x04, 0x00, 0xcb, 0x49, 0x2f, 0x4c, 0x00, 0x00, 0x00, 0x00, 0x00, 0x00, 0x00, 0x00, 0x00, 0x00,
    0x00, 0x00, 0x00, 0x00, 0x00, 0x00, 0x00, 0x00, 0x00, 0x00, 0x00, 0x00, 0x00, 0x00, 0x00, 0x00,
    0x00, 0x00, 0x00, 0x00, 0x00, 0x00, 0x00, 0x00, 0x00, 0x00, 0x00, 0x00, 0x00, 0x00, 0x00, 0x00,
    0x00, 0x00, 0x00, 0x00, 0x00, 0x00, 0x00, 0x00, 0x00, 0x00, 0x00, 0x00, 0x00, 0x00, 0x00, 0x00,
    0x00, 0x00, 0x00, 0x00, 0x00, 0x00, 0x00, 0x00, 0x00, 0x00, 0x00, 0x00, 0x00, 0x00, 0x00, 0x00,
    0x00, 0x00, 0x00, 0x00, 0x00, 0x00, 0x00, 0x00, 0x00, 0x00, 0x00, 0x00, 0x00, 0x00, 0x00, 0x00,
    0x00, 0x00, 0x00, 0x00, 0x00, 0x00, 0x00, 0x00, 0x00, 0x00, 0x00, 0x00, 0x00, 0x00, 0x00, 0x00,
    0x10, 0x00, 0x00, 0x00, 0x04, 0x06, 0x00, 0x00, 0x20, 0x00, 0x00, 0x00, 0x20, 0x00, 0x00, 0x00,
    0x00, 0x00, 0x00, 0x00, 0x00, 0x00, 0x00, 0x00, 0x40, 0x02, 0x00, 0x00, 0x60, 0x02, 0x00, 0x00,
    0xc0, 0x01, 0x00, 0x00, 0xd0, 0x01, 0x00, 0x00, 0x50, 0x02, 0x00, 0x00, 0x60, 0x02, 0x00, 0x00,
    0xe0, 0x01, 0x00, 0x00, 0xa0, 0x02, 0x00, 0x00, 0x20, 0x02, 0x00, 0x00, 0xd0, 0x01, 0x00, 0x00,
    0xc0, 0x01, 0x00, 0x00, 0x70, 0x02, 0x00, 0x00, 0xf0, 0x01, 0x00, 0x00, 0xa0, 0x02, 0x00, 0x00,
    0xe0, 0x01, 0x00, 0x00, 0x70, 0x02, 0x00, 0x00, 0xa0, 0x02, 0x00, 0x00, 0xd0, 0x02, 0x00, 0x00,
    0xe0, 0x01, 0x00, 0x00, 0xd0, 0x01, 0x00, 0x00, 0x80, 0x02, 0x00, 0x00, 0x60, 0x02, 0x00, 0x00,
    0xe0, 0x01, 0x00, 0x00, 0x80, 0x02, 0x00, 0x00, 0xe0, 0x01, 0x00, 0x00, 0xe0, 0x01, 0x00, 0x00,
    0x10, 0x02, 0x00, 0x00, 0x70, 0x02, 0x00, 0x00, 0x00, 0x02, 0x00, 0x00, 0x60, 0x02, 0x00, 0x00,
    0x20, 0x02, 0x00, 0x00, 0x60, 0x02, 0x00, 0x00, 0x30, 0x02, 0x00, 0x00, 0x60, 0x02, 0x00, 0x00,
    0xb0, 0x01, 0x00, 0x00, 0xa0, 0x02, 0x00, 0x00, 0x40, 0x02, 0x00, 0x00, 0xd0, 0x02, 0x00, 0x00,
    0xa0, 0x02, 0x00, 0x00, 0x10, 0x03, 0x00, 0x00, 0xc0, 0x01, 0x00, 0x00, 0x20, 0x02, 0x00, 0x00,
    0xa0, 0x02, 0x00, 0x00, 0xf0, 0x02, 0x00, 0x00, 0xd0, 0x01, 0x00, 0x00, 0xd0, 0x01, 0x00, 0x00,
    0xd0, 0x01, 0x00, 0x00, 0xe0, 0x01, 0x00, 0x00, 0xa0, 0x00, 0x00, 0x00, 0xe0, 0x00, 0x00, 0x00,
    0x60, 0x01, 0x00, 0x00, 0xe0, 0x00, 0x00, 0x00, 0xf0, 0x00, 0x00, 0x00, 0x10, 0x03, 0x00, 0x00,
    0x10, 0x01, 0x00, 0x00, 0xe0, 0x02, 0x00, 0x00, 0xa0, 0x02, 0x00, 0x00, 0x00, 0x03, 0x00, 0x00,
    0xd0, 0x01, 0x00, 0x00, 0x60, 0x02, 0x00, 0x00, 0xa0, 0x02, 0x00, 0x00, 0x60, 0x02, 0x00, 0x00,
    0x00, 0x01, 0x00, 0x00, 0x60, 0x02, 0x00, 0x00, 0xd0, 0x01, 0x00, 0x00, 0x70, 0x02, 0x00, 0x00,
    0x00, 0x00, 0x00, 0x00, 0x00, 0x00, 0x00, 0x00, 0xf0, 0x01, 0x00, 0x00, 0x70, 0x02, 0x00, 0x00,
    0x80, 0x00, 0x00, 0x00, 0x70, 0x00, 0x00, 0x00, 0xa0, 0x00, 0x00, 0x00, 0xa0, 0x00, 0x00, 0x00,
    0x20, 0x02, 0x00, 0x00, 0xc0, 0x01, 0x00, 0x00, 0x40, 0x02, 0x00, 0x00, 0x00, 0x03, 0x00, 0x00,
    0xf0, 0x01, 0x00, 0x00, 0x60, 0x02, 0x00, 0x00, 0x30, 0x02, 0x00, 0x00, 0xd0, 0x02, 0x00, 0x00,
    0xc0, 0x01, 0x00, 0x00, 0x80, 0x02, 0x00, 0x00, 0x80, 0x00, 0x00, 0x00, 0x00, 0x01, 0x00, 0x00,
    0xe0, 0x01, 0x00, 0x00, 0x20, 0x02, 0x00, 0x00, 0xc0, 0x01, 0x00, 0x00, 0x40, 0x02, 0x00, 0x00,
    0x60, 0x01, 0x00, 0x00, 0x60, 0x02, 0x00, 0x00, 0xd0, 0x01, 0x00, 0x00, 0xa0, 0x02, 0x00, 0x00,
    0x10, 0x02, 0x00, 0x00, 0xd0, 0x02, 0x00, 0x00, 0xc0, 0x01, 0x00, 0x00, 0xe0, 0x01, 0x00, 0x00,
    0xf0, 0x01, 0x00, 0x00, 0xe0, 0x01, 0x00, 0x00, 0xb0, 0x01, 0x00, 0x00, 0x40, 0x00, 0x00, 0x00,
    0xe0, 0x00, 0x00, 0x00, 0xd0, 0x02, 0x00, 0x00, 0x30, 0x02, 0x00, 0x00, 0x10, 0x03, 0x00, 0x00,
    0xa0, 0x01, 0x00, 0x00, 0x20, 0x02, 0x00, 0x00, 0xb0, 0x00, 0x00, 0x00, 0xb0, 0x00, 0x00, 0x00,
    0xa0, 0x01, 0x00, 0x00, 0x00, 0x01, 0x00, 0x00, 0xf0, 0x01, 0x00, 0x00, 0x40, 0x02, 0x00, 0x00,
    0xd0, 0x01, 0x00, 0x00, 0x40, 0x02, 0x00, 0x00, 0x20, 0x01, 0x00, 0x00, 0xe0, 0x01, 0x00, 0x00,
    0xb0, 0x01, 0x00, 0x00, 0xe0, 0x01, 0x00, 0x00, 0xd0, 0x02, 0x00, 0x00, 0xd0, 0x01, 0x00, 0x00,
    0xe0, 0x01, 0x00, 0x00, 0x40, 0x02, 0x00, 0x00, 0x10, 0x02, 0x00, 0x00, 0x60, 0x02, 0x00, 0x00,
    0x60, 0x01, 0x00, 0x00, 0xe0, 0x02, 0x00, 0x00, 0x60, 0x00, 0x00, 0x00, 0xd0, 0x02, 0x00, 0x00,
    0x70, 0x01, 0x00, 0x00, 0xe0, 0x01, 0x00, 0x00, 0x30, 0x02, 0x00, 0x00, 0x80, 0x00, 0x00, 0x00,
    0x70, 0x00, 0x00, 0x00, 0x70, 0x02, 0x00, 0x00, 0xa0, 0x01, 0x00, 0x00, 0x00, 0x02, 0x00, 0x00,
    0x40, 0x02, 0x00, 0x00, 0x20, 0x02, 0x00, 0x00, 0x80, 0x00, 0x00, 0x00, 0xa0, 0x01, 0x00, 0x00,
    0xc0, 0x00, 0x00, 0x00, 0x50, 0x02, 0x00, 0x00, 0x40, 0x00, 0x00, 0x00, 0x70, 0x02, 0x00, 0x00,
    0xa0, 0x02, 0x00, 0x00, 0x70, 0x02, 0x00, 0x00, 0x70, 0x01, 0x00, 0x00, 0x60, 0x00, 0x00, 0x00,
    0x80, 0x00, 0x00, 0x00, 0x50, 0x02, 0x00, 0x00, 0xb0, 0x00, 0x00, 0x00, 0xd0, 0x00, 0x00, 0x00,
    0x60, 0x02, 0x00, 0x00, 0xd0, 0x01, 0x00, 0x00, 0x00, 0x02, 0x00, 0x00, 0xc0, 0x00, 0x00, 0x00,
    0xc0, 0x01, 0x00, 0x00, 0x40, 0x00, 0x00, 0x00, 0xd0, 0x01, 0x00, 0x00, 0x40, 0x00, 0x00, 0x00,
    0x60, 0x01, 0x00, 0x00, 0x00, 0x01, 0x00, 0x00, 0x10, 0x03, 0x00, 0x00, 0x70, 0x02, 0x00, 0x00,
    0xe0, 0x00, 0x00, 0x00, 0x70, 0x00, 0x00, 0x00, 0x80, 0x01, 0x00, 0x00, 0xc0, 0x01, 0x00, 0x00,
    0x40, 0x00, 0x00, 0x00, 0x70, 0x00, 0x00, 0x00, 0xb0, 0x00, 0x00, 0x00, 0x80, 0x00, 0x00, 0x00,
    0x50, 0x00, 0x00, 0x00, 0x00, 0x01, 0x00, 0x00, 0x90, 0x00, 0x00, 0x00, 0x00, 0x01, 0x00, 0x00,
    0x30, 0x02, 0x00, 0x00, 0xd0, 0x01, 0x00, 0x00, 0x90, 0x01, 0x00, 0x00, 0x50, 0x02, 0x00, 0x00,
    0xf0, 0x01, 0x00, 0x00, 0xd0, 0x01, 0x00, 0x00, 0x50, 0x01, 0x00, 0x00, 0x10, 0x01, 0x00, 0x00,
    0xd0, 0x02, 0x00, 0x00, 0x60, 0x02, 0x00, 0x00, 0x20, 0x02, 0x00, 0x00, 0xf0, 0x02, 0x00, 0x00,
    0x30, 0x02, 0x00, 0x00, 0xf0, 0x02, 0x00, 0x00, 0x80, 0x00, 0x00, 0x00, 0x20, 0x01, 0x00, 0x00,
    0xd0, 0x01, 0x00, 0x00, 0xe0, 0x02, 0x00, 0x00, 0xe0, 0x00, 0x00, 0x00, 0x10, 0x03, 0x00, 0x00,
    0x20, 0x01, 0x00, 0x00, 0x10, 0x03, 0x00, 0x00, 0xb0, 0x02, 0x00, 0x00, 0x60, 0x02, 0x00, 0x00,
    0x90, 0x02, 0x00, 0x00, 0x00, 0x03, 0x00, 0x00, 0x10, 0x01, 0x00, 0x00, 0x40, 0x03, 0x00, 0x00,
    0xa0, 0x02, 0x00, 0x00, 0x20, 0x03, 0x00, 0x00, 0x70, 0x02, 0x00, 0x00, 0xc0, 0x01, 0x00, 0x00,
    0x50, 0x02, 0x00, 0x00, 0xf0, 0x02, 0x00, 0x00, 0x50, 0x02, 0x00, 0x00, 0x20, 0x03, 0x00, 0x00,
    0x50, 0x02, 0x00, 0x00, 0x10, 0x03, 0x00, 0x00, 0x50, 0x02, 0x00, 0x00, 0xd0, 0x02, 0x00, 0x00,
    0x70, 0x02, 0x00, 0x00, 0x10, 0x03, 0x00, 0x00, 0x90, 0x00, 0x00, 0x00, 0x20, 0x01, 0x00, 0x00,
    0xe0, 0x01, 0x00, 0x00, 0xb0, 0x02, 0x00, 0x00, 0xe0, 0x01, 0x00, 0x00, 0xd0, 0x02, 0x00, 0x00,
    0x00, 0x03, 0x00, 0x00, 0xe0, 0x01, 0x00, 0x00, 0xf0, 0x00, 0x00, 0x00, 0x60, 0x02, 0x00, 0x00,
    0x20, 0x01, 0x00, 0x00, 0x60, 0x02, 0x00, 0x00, 0x10, 0x01, 0x00, 0x00, 0x40, 0x02, 0x00, 0x00,
    0x20, 0x02, 0x00, 0x00, 0x70, 0x02, 0x00, 0x00, 0xd0, 0x01, 0x00, 0x00, 0x80, 0x02, 0x00, 0x00,
    0xf0, 0x00, 0x00, 0x00, 0xa0, 0x02, 0x00, 0x00, 0xf0, 0x01, 0x00, 0x00, 0x80, 0x02, 0x00, 0x00,
    0x80, 0x02, 0x00, 0x00, 0x90, 0x01, 0x00, 0x00, 0xf0, 0x01, 0x00, 0x00, 0x50, 0x02, 0x00, 0x00,
    0xc0, 0x01, 0x00, 0x00, 0x10, 0x02, 0x00, 0x00, 0xb0, 0x01, 0x00, 0x00, 0x80, 0x02, 0x00, 0x00,
    0xe0, 0x01, 0x00, 0x00, 0x10, 0x03, 0x00, 0x00, 0x50, 0x01, 0x00, 0x00, 0xe0, 0x01, 0x00, 0x00,
    0xe0, 0x01, 0x00, 0x00, 0xe0, 0x02, 0x00, 0x00, 0x70, 0x02, 0x00, 0x00, 0x60, 0x02, 0x00, 0x00,
    0xf0, 0x02, 0x00, 0x00, 0xe0, 0x01, 0x00, 0x00, 0x20, 0x02, 0x00, 0x00, 0x30, 0x03, 0x00, 0x00,
    0xd0, 0x01, 0x00, 0x00, 0xc0, 0x02, 0x00, 0x00, 0x70, 0x02, 0x00, 0x00, 0x20, 0x03, 0x00, 0x00,
    0x20, 0x01, 0x00, 0x00, 0xd0, 0x00, 0x00, 0x00, 0x30, 0x01, 0x00, 0x00, 0x90, 0x00, 0x00, 0x00,
    0x40, 0x01, 0x00, 0x00, 0x40, 0x00, 0x00, 0x00, 0x90, 0x01, 0x00, 0x00, 0xa0, 0x00, 0x00, 0x00,
    0x40, 0x00, 0x00, 0x00, 0x50, 0x00, 0x00, 0x00, 0x80, 0x00, 0x00, 0x00, 0xa0, 0x00, 0x00, 0x00,
    0x90, 0x02, 0x00, 0x00, 0x60, 0x02, 0x00, 0x00, 0x90, 0x01, 0x00, 0x00, 0x80, 0x00, 0x00, 0x00,
    0x80, 0x01, 0x00, 0x00, 0xa0, 0x00, 0x00, 0x00, 0xd0, 0x01, 0x00, 0x00, 0xe0, 0x00, 0x00, 0x00,
    0x90, 0x00, 0x00, 0x00, 0xa0, 0x00, 0x00, 0x00, 0x40, 0x00, 0x00, 0x00, 0xc0, 0x01, 0x00, 0x00,
    0x20, 0x01, 0x00, 0x00, 0xa0, 0x00, 0x00, 0x00, 0x70, 0x02, 0x00, 0x00, 0xa0, 0x02, 0x00, 0x00,
    0x40, 0x02, 0x00, 0x00, 0xa0, 0x02, 0x00, 0x00, 0x50, 0x02, 0x00, 0x00, 0x00, 0x03, 0x00, 0x00,
    0xd0, 0x00, 0x00, 0x00, 0x60, 0x02, 0x00, 0x00, 0xd0, 0x00, 0x00, 0x00, 0xb0, 0x02, 0x00, 0x00,
    0xa0, 0x01, 0x00, 0x00, 0x60, 0x02, 0x00, 0x00, 0x40, 0x02, 0x00, 0x00, 0x80, 0x02, 0x00, 0x00,
    0x70, 0x01, 0x00, 0x00, 0x90, 0x00, 0x00, 0x00, 0x50, 0x02, 0x00, 0x00, 0xb0, 0x02, 0x00, 0x00,
    0x40, 0x02, 0x00, 0x00, 0xb0, 0x02, 0x00, 0x00, 0x90, 0x03, 0x00, 0x00, 0x60, 0x02, 0x00, 0x00,
    0x40, 0x02, 0x00, 0x00, 0x70, 0x02, 0x00, 0x00, 0x50, 0x01, 0x00, 0x00, 0x50, 0x00, 0x00, 0x00,
    0x20, 0x02, 0x00, 0x00, 0x40, 0x02, 0x00, 0x00, 0xb0, 0x00, 0x00, 0x00, 0xa0, 0x00, 0x00, 0x00,
    0xc0, 0x01, 0x00, 0x00, 0xb0, 0x02, 0x00, 0x00, 0x00, 0x02, 0x00, 0x00, 0xe0, 0x01, 0x00, 0x00,
    0x70, 0x01, 0x00, 0x00, 0x80, 0x02, 0x00, 0x00, 0x50, 0x01, 0x00, 0x00, 0x80, 0x02, 0x00, 0x00,
    0x10, 0x02, 0x00, 0x00, 0x40, 0x02, 0x00, 0x00, 0x40, 0x02, 0x00, 0x00, 0x40, 0x02, 0x00, 0x00,
    0xc0, 0x01, 0x00, 0x00, 0xc0, 0x02, 0x00, 0x00, 0xb0, 0x01, 0x00, 0x00, 0x10, 0x02, 0x00, 0x00,
    0x80, 0x00, 0x00, 0x00, 0xf0, 0x02, 0x00, 0x00, 0xf0, 0x00, 0x00, 0x00, 0xf0, 0x02, 0x00, 0x00,
    0x70, 0x01, 0x00, 0x00, 0xd0, 0x02, 0x00, 0x00, 0x10, 0x02, 0x00, 0x00, 0x20, 0x02, 0x00, 0x00,
    0xe0, 0x01, 0x00, 0x00, 0xc0, 0x02, 0x00, 0x00, 0xc0, 0x01, 0x00, 0x00, 0x20, 0x03, 0x00, 0x00,
    0xe0, 0x01, 0x00, 0x00, 0x50, 0x02, 0x00, 0x00, 0x60, 0x01, 0x00, 0x00, 0x80, 0x02, 0x00, 0x00,
    0x80, 0x01, 0x00, 0x00, 0x30, 0x02, 0x00, 0x00, 0x70, 0x00, 0x00, 0x00, 0xe0, 0x01, 0x00, 0x00,
    0x20, 0x02, 0x00, 0x00, 0x40, 0x00, 0x00, 0x00, 0x20, 0x01, 0x00, 0x00, 0x40, 0x00, 0x00, 0x00,
    0x70, 0x00, 0x00, 0x00, 0x80, 0x02, 0x00, 0x00, 0xf0, 0x01, 0x00, 0x00, 0x40, 0x00, 0x00, 0x00,
    0xb0, 0x02, 0x00, 0x00, 0x40, 0x00, 0x00, 0x00, 0xf0, 0x01, 0x00, 0x00, 0x50, 0x00, 0x00, 0x00,
    0xd0, 0x00, 0x00, 0x00, 0xf0, 0x02, 0x00, 0x00, 0xa0, 0x00, 0x00, 0x00, 0xf0, 0x00, 0x00, 0x00,
    0xb0, 0x00, 0x00, 0x00, 0x80, 0x02, 0x00, 0x00, 0x80, 0x01, 0x00, 0x00, 0xe0, 0x00, 0x00, 0x00,
    0xa0, 0x00, 0x00, 0x00, 0x70, 0x00, 0x00, 0x00, 0x00, 0x03, 0x00, 0x00, 0x70, 0x00, 0x00, 0x00,
    0x90, 0x02, 0x00, 0x00, 0xa0, 0x02, 0x00, 0x00, 0xe0, 0x02, 0x00, 0x00, 0xe0, 0x01, 0x00, 0x00,
    0xa0, 0x01, 0x00, 0x00, 0x80, 0x02, 0x00, 0x00, 0x60, 0x02, 0x00, 0x00, 0x20, 0x02, 0x00, 0x00,
    0x00, 0x03, 0x00, 0x00, 0x10, 0x02, 0x00, 0x00, 0xc0, 0x00, 0x00, 0x00, 0x80, 0x00, 0x00, 0x00,
    0x70, 0x02, 0x00, 0x00, 0x70, 0x02, 0x00, 0x00, 0x70, 0x02, 0x00, 0x00, 0x20, 0x01, 0x00, 0x00,
    0x90, 0x01, 0x00, 0x00, 0x10, 0x01, 0x00, 0x00, 0xc0, 0x02, 0x00, 0x00, 0x00, 0x02, 0x00, 0x00,
    0xa0, 0x01, 0x00, 0x00, 0x40, 0x02, 0x00, 0x00, 0x90, 0x01, 0x00, 0x00, 0x40, 0x02, 0x00, 0x00,
    0x30, 0x00, 0x00, 0x00, 0xd0, 0xfe, 0xff, 0xff, 0x10, 0x00, 0x00, 0x00, 0x00, 0xff, 0xff, 0xff,
    0x70, 0x00, 0x00, 0x00, 0x10, 0xff, 0xff, 0xff, 0x10, 0x00, 0x00, 0x00, 0xb0, 0xfe, 0xff, 0xff,
    0x10, 0x00, 0x00, 0x00, 0xd0, 0xfe, 0xff, 0xff, 0x10, 0x00, 0x00, 0x00, 0xe0, 0xfe, 0xff, 0xff,
    0x10, 0x00, 0x00, 0x00, 0x10, 0xff, 0xff, 0xff, 0x10, 0x00, 0x00, 0x00, 0xa0, 0xfe, 0xff, 0xff,
    0x00, 0x00, 0x00, 0x00, 0xb0, 0xff, 0xff, 0xff, 0x00, 0x00, 0x00, 0x00, 0x10, 0xff, 0xff, 0xff,
    0x10, 0x00, 0x00, 0x00, 0x80, 0xff, 0xff, 0xff, 0x60, 0x00, 0x00, 0x00, 0x00, 0xff, 0xff, 0xff,
    0x10, 0x00, 0x00, 0x00, 0xf0, 0xfe, 0xff, 0xff, 0x00, 0x00, 0x00, 0x00, 0xa0, 0xff, 0xff, 0xff,
    0x00, 0x00, 0x00, 0x00, 0x20, 0xff, 0xff, 0xff, 0x00, 0x00, 0x00, 0x00, 0x30, 0xff, 0xff, 0xff,
    0x40, 0x00, 0x00, 0x00, 0xf0, 0xfe, 0xff, 0xff, 0x00, 0x00, 0x00, 0x00, 0x40, 0xff, 0xff, 0xff,
    0x10, 0x00, 0x00, 0x00, 0x20, 0xff, 0xff, 0xff, 0x00, 0x00, 0x00, 0x00, 0x00, 0xff, 0xff, 0xff,
    0x30, 0x00, 0x00, 0x00, 0x10, 0xff, 0xff, 0xff, 0x10, 0x00, 0x00, 0x00, 0xc0, 0xfe, 0xff, 0xff,
    0x00, 0x00, 0x00, 0x00, 0xd0, 0xff, 0xff, 0xff, 0x50, 0x00, 0x00, 0x00, 0xf0, 0xfe, 0xff, 0xff,
    0x00, 0x00, 0x00, 0x00, 0xe0, 0xfe, 0xff, 0xff, 0x00, 0x00, 0x00, 0x00, 0x60, 0xff, 0xff, 0xff,
    0x00, 0x00, 0x00, 0x00, 0xc0, 0xfe, 0xff, 0xff, 0x10, 0x00, 0x00, 0x00, 0x50, 0xff, 0xff, 0xff,
    0x10, 0x00, 0x00, 0x00, 0x60, 0xff, 0xff, 0xff, 0x30, 0x00, 0x00, 0x00, 0x40, 0xff, 0xff, 0xff,
    0x30, 0x00, 0x00, 0x00, 0xb0, 0xff, 0xff, 0xff, 0x00, 0x00, 0x00, 0x00, 0xf0, 0xfe, 0xff, 0xff,
    0x30, 0x00, 0x00, 0x00, 0xc0, 0xff, 0xff, 0xff, 0x10, 0x00, 0x00, 0x00, 0x90, 0xfe, 0xff, 0xff,
    0x10, 0x00, 0x00, 0x00, 0x40, 0xff, 0xff, 0xff, 0x10, 0x00, 0x00, 0x00, 0x70, 0xfe, 0xff, 0xff,
    0x10, 0x00, 0x00, 0x00, 0x70, 0xff, 0xff, 0xff, 0x10, 0x00, 0x00, 0x00, 0x80, 0xfe, 0xff, 0xff,
    0x30, 0x00, 0x00, 0x00, 0x70, 0xff, 0xff, 0xff, 0x00, 0x00, 0x00, 0x00, 0x70, 0xff, 0xff, 0xff,
    0xf0, 0x00, 0x00, 0x00, 0x90, 0xff, 0xff, 0xff, 0x30, 0x00, 0x00, 0x00, 0x50, 0xff, 0xff, 0xff,
    0x00, 0x00, 0x00, 0x00, 0xd0, 0xfe, 0xff, 0xff, 0x40, 0x00, 0x00, 0x00, 0xe0, 0xfe, 0xff, 0xff,
    0x30, 0x00, 0x00, 0x00, 0x00, 0xff, 0xff, 0xff, 0x30, 0x00, 0x00, 0x00, 0xf0, 0xfe, 0xff, 0xff,
    0x80, 0x00, 0x00, 0x00, 0x20, 0xff, 0xff, 0xff, 0xa0, 0x00, 0x00, 0x00, 0x40, 0xff, 0xff, 0xff,
    0x20, 0x00, 0x00, 0x00, 0x10, 0xff, 0xff, 0xff, 0x00, 0x00, 0x00, 0x00, 0xa0, 0xfe, 0xff, 0xff,
    0x10, 0x00, 0x00, 0x00, 0xa0, 0xff, 0xff, 0xff, 0x20, 0x00, 0x00, 0x00, 0xb0, 0xfe, 0xff, 0xff,
    0x10, 0x00, 0x00, 0x00, 0x30, 0xfe, 0xff, 0xff, 0x00, 0x00, 0x00, 0x00, 0x50, 0xff, 0xff, 0xff,
    0x30, 0x00, 0x00, 0x00, 0xe0, 0xfe, 0xff, 0xff, 0x90, 0x00, 0x00, 0x00, 0x80, 0xff, 0xff, 0xff,
    0x30, 0x00, 0x00, 0x00, 0xa0, 0xff, 0xff, 0xff, 0x10, 0x00, 0x00, 0x00, 0xc0, 0xff, 0xff, 0xff,
    0x30, 0x00, 0x00, 0x00, 0x90, 0xff, 0xff, 0xff, 0x00, 0x00, 0x00, 0x00, 0xc0, 0xff, 0xff, 0xff,
    0x30, 0x00, 0x00, 0x00, 0x80, 0xff, 0xff, 0xff, 0x10, 0x00, 0x00, 0x00, 0x90, 0xff, 0xff, 0xff,
    0x70, 0x00, 0x00, 0x00, 0x20, 0xff, 0xff, 0xff, 0x10, 0x01, 0x00, 0x00, 0xb0, 0xff, 0xff, 0xff,
    0xe0, 0x00, 0x00, 0x00, 0x80, 0xff, 0xff, 0xff, 0x00, 0x00, 0x00, 0x00, 0x80, 0xff, 0xff, 0xff,
    0x90, 0x00, 0x00, 0x00, 0x40, 0xff, 0xff, 0xff, 0x20, 0x01, 0x00, 0x00, 0xc0, 0xff, 0xff, 0xff,
    0x00, 0x00, 0x00, 0x00, 0x80, 0xfe, 0xff, 0xff, 0x00, 0x00, 0x00, 0x00, 0xb0, 0xfe, 0xff, 0xff,
    0x00, 0x00, 0x00, 0x00, 0x70, 0xfe, 0xff, 0xff, 0x00, 0x00, 0x00, 0x00, 0x90, 0xff, 0xff, 0xff,
    0x00, 0x00, 0x00, 0x00, 0x90, 0xfe, 0xff, 0xff, 0x20, 0x02, 0x00, 0x00, 0xb0, 0x01, 0x00, 0x00,
    0x90, 0x01, 0x00, 0x00, 0x40, 0x02, 0x00, 0x00, 0x30, 0x02, 0x00, 0x00, 0xa0, 0x01, 0x00, 0x00,
    0xc0, 0x02, 0x00, 0x00, 0x10, 0x01, 0x00, 0x00, 0x40, 0x02, 0x00, 0x00, 0x90, 0x01, 0x00, 0x00,
    0xf0, 0x01, 0x00, 0x00, 0xe0, 0x01, 0x00, 0x00, 0x10, 0x02, 0x00, 0x00, 0xc0, 0x01, 0x00, 0x00,
    0x50, 0x02, 0x00, 0x00, 0x80, 0x01, 0x00, 0x00, 0x50, 0x02, 0x00, 0x00, 0x70, 0x01, 0x00, 0x00,
    0x80, 0x02, 0x00, 0x00, 0x50, 0x01, 0x00, 0x00, 0xb0, 0x02, 0x00, 0x00, 0x20, 0x01, 0x00, 0x00,
    0xd0, 0x01, 0x00, 0x00, 0x00, 0x02, 0x00, 0x00, 0xa0, 0x01, 0x00, 0x00, 0x30, 0x02, 0x00, 0x00,
    0xb0, 0x01, 0x00, 0x00, 0x20, 0x02, 0x00, 0x00, 0xd0, 0x02, 0x00, 0x00, 0x00, 0x01, 0x00, 0x00,
    0x00, 0x01, 0x00, 0x00, 0xd0, 0x02, 0x00, 0x00, 0xe0, 0x01, 0x00, 0x00, 0xf0, 0x01, 0x00, 0x00,
    0x70, 0x02, 0x00, 0x00, 0x60, 0x01, 0x00, 0x00, 0x60, 0x01, 0x00, 0x00, 0x70, 0x02, 0x00, 0x00,
    0x90, 0x02, 0x00, 0x00, 0x40, 0x01, 0x00, 0x00, 0xc0, 0x01, 0x00, 0x00, 0x10, 0x02, 0x00, 0x00,
    0x20, 0x02, 0x00, 0x00, 0xa0, 0x01, 0x00, 0x00, 0x60, 0x02, 0x00, 0x00, 0x70, 0x01, 0x00, 0x00,
    0x10, 0x01, 0x00, 0x00, 0xc0, 0x02, 0x00, 0x00, 0x10, 0x02, 0x00, 0x00, 0xb0, 0x01, 0x00, 0x00,
    0xf0, 0x02, 0x00, 0x00, 0xe0, 0x00, 0x00, 0x00, 0xd0, 0xff, 0xff, 0xff, 0x00, 0x04, 0x00, 0x00,
    0x00, 0x00, 0x00, 0x00, 0xd0, 0x03, 0x00, 0x00, 0x30, 0x01, 0x00, 0x00, 0xa0, 0x02, 0x00, 0x00,
    0x80, 0x01, 0x00, 0x00, 0x40, 0x02, 0x00, 0x00, 0x30, 0x00, 0x00, 0x00, 0xa0, 0x03, 0x00, 0x00,
    0x50, 0x01, 0x00, 0x00, 0x80, 0x02, 0x00, 0x00, 0xf0, 0x01, 0x00, 0x00, 0xd0, 0x01, 0x00, 0x00,
    0xf0, 0x00, 0x00, 0x00, 0xe0, 0x02, 0x00, 0x00, 0x80, 0x01, 0x00, 0x00, 0x50, 0x02, 0x00, 0x00,
    0xe0, 0xff, 0xff, 0xff, 0xf0, 0x03, 0x00, 0x00, 0x70, 0x00, 0x00, 0x00, 0x60, 0x03, 0x00, 0x00,
    0xf0, 0xff, 0xff, 0xff, 0xe0, 0x03, 0x00, 0x00, 0x00, 0x02, 0x00, 0x00, 0xd0, 0x01, 0x00, 0x00,
    0x00, 0x00, 0x00, 0x00, 0xc0, 0x03, 0x00, 0x00, 0xb0, 0x00, 0x00, 0x00, 0x20, 0x03, 0x00, 0x00,
    0x40, 0x01, 0x00, 0x00, 0x90, 0x02, 0x00, 0x00, 0xb0, 0xff, 0xff, 0xff, 0x20, 0x04, 0x00, 0x00,
    0x70, 0x00, 0x00, 0x00, 0x50, 0x03, 0x00, 0x00, 0x20, 0x01, 0x00, 0x00, 0xb0, 0x02, 0x00, 0x00,
    0xa0, 0x02, 0x00, 0x00, 0x30, 0x01, 0x00, 0x00, 0x00, 0x02, 0x00, 0x00, 0xc0, 0x01, 0x00, 0x00,
    0xb0, 0x02, 0x00, 0x00, 0x90, 0x04, 0x00, 0x00, 0xc0, 0x02, 0x00, 0x00, 0x90, 0x04, 0x00, 0x00,
    0x00, 0x02, 0x00, 0x00, 0x90, 0x04, 0x00, 0x00, 0x10, 0x02, 0x00, 0x00, 0x50, 0x04, 0x00, 0x00,
    0xe0, 0x01, 0x00, 0x00, 0x90, 0x04, 0x00, 0x00, 0x40, 0x02, 0x00, 0x00, 0x90, 0x04, 0x00, 0x00,
    0x00, 0x02, 0x00, 0x00, 0x50, 0x04, 0x00, 0x00, 0x20, 0x02, 0x00, 0x00, 0x90, 0x04, 0x00, 0x00,
    0xf0, 0x01, 0x00, 0x00, 0x50, 0x04, 0x00, 0x00, 0xf0, 0x01, 0x00, 0x00, 0x90, 0x04, 0x00, 0x00,
    0x90, 0x00, 0x00, 0x00, 0x90, 0x04, 0x00, 0x00, 0xa0, 0x02, 0x00, 0x00, 0x50, 0x04, 0x00, 0x00,
    0x70, 0x02, 0x00, 0x00, 0x90, 0x04, 0x00, 0x00, 0xb0, 0x01, 0x00, 0x00, 0x90, 0x04, 0x00, 0x00,
    0x80, 0x01, 0x00, 0x00, 0x50, 0x04, 0x00, 0x00, 0x40, 0x02, 0x00, 0x00, 0x50, 0x04, 0x00, 0x00,
    0xe0, 0x01, 0x00, 0x00, 0x50, 0x04, 0x00, 0x00, 0x70, 0x02, 0x00, 0x00, 0x50, 0x04, 0x00, 0x00,
    0x30, 0x01, 0x00, 0x00, 0x90, 0x04, 0x00, 0x00, 0x70, 0x01, 0x00, 0x00, 0x90, 0x04, 0x00, 0x00,
    0xb0, 0x00, 0x00, 0x00, 0x90, 0x04, 0x00, 0x00, 0x50, 0x02, 0x00, 0x00, 0x90, 0x04, 0x00, 0x00,
    0x50, 0x02, 0x00, 0x00, 0x50, 0x04, 0x00, 0x00, 0x50, 0x00, 0x00, 0x00, 0x90, 0x04, 0x00, 0x00,
    0x20, 0x02, 0x00, 0x00, 0x50, 0x04, 0x00, 0x00, 0x90, 0x01, 0x00, 0x00, 0x90, 0x04, 0x00, 0x00,
    0xc0, 0x02, 0x00, 0x00, 0x50, 0x04, 0x00, 0x00, 0xd0, 0x01, 0x00, 0x00, 0x90, 0x04, 0x00, 0x00,
    0xa0, 0x01, 0x00, 0x00, 0x90, 0x04, 0x00, 0x00, 0xf0, 0x00, 0x00, 0x00, 0x50, 0x04, 0x00, 0x00,
    0xa0, 0x00, 0x00, 0x00, 0x90, 0x04, 0x00, 0x00, 0xd0, 0x00, 0x00, 0x00, 0x50, 0x04, 0x00, 0x00,
    0x10, 0x02, 0x00, 0x00, 0x90, 0x04, 0x00, 0x00, 0x60, 0x02, 0x00, 0x00, 0x50, 0x04, 0x00, 0x00,
    0x00, 0x01, 0x00, 0x00, 0x50, 0x04, 0x00, 0x00, 0xa0, 0x02, 0x00, 0x00, 0x90, 0x04, 0x00, 0x00,
    0x40, 0x01, 0x00, 0x00, 0x90, 0x04, 0x00, 0x00, 0xd0, 0x02, 0x00, 0x00, 0x90, 0x04, 0x00, 0x00,
    0x20, 0x01, 0x00, 0x00, 0x90, 0x04, 0x00, 0x00, 0x10, 0x01, 0x00, 0x00, 0x90, 0x04, 0x00, 0x00,
    0xc0, 0x01, 0x00, 0x00, 0x90, 0x04, 0x00, 0x00, 0x30, 0x02, 0x00, 0x00, 0x50, 0x04, 0x00, 0x00,
    0x30, 0x02, 0x00, 0x00, 0x90, 0x04, 0x00, 0x00, 0xc0, 0x00, 0x00, 0x00, 0x90, 0x04, 0x00, 0x00,
    0x10, 0x03, 0x00, 0x00, 0x90, 0x04, 0x00, 0x00, 0x90, 0x02, 0x00, 0x00, 0x90, 0x04, 0x00, 0x00,
    0x80, 0x02, 0x00, 0x00, 0x90, 0x04, 0x00, 0x00, 0x80, 0x02, 0x00, 0x00, 0x50, 0x04, 0x00, 0x00,
    0xc0, 0x01, 0x00, 0x00, 0x50, 0x04, 0x00, 0x00, 0x00, 0x01, 0x00, 0x00, 0x80, 0x04, 0x00, 0x00,
    0xf0, 0x00, 0x00, 0x00, 0x80, 0x04, 0x00, 0x00, 0x40, 0x01, 0x00, 0x00, 0x50, 0x04, 0x00, 0x00,
    0x80, 0x02, 0x00, 0x00, 0x80, 0x04, 0x00, 0x00, 0xf0, 0x00, 0x00, 0x00, 0x90, 0x04, 0x00, 0x00,
    0x60, 0x00, 0x00, 0x00, 0x90, 0x04, 0x00, 0x00, 0x00, 0x01, 0x00, 0x00, 0x90, 0x04, 0x00, 0x00,
    0x00, 0x03, 0x00, 0x00, 0x90, 0x04, 0x00, 0x00, 0xb0, 0x03, 0x00, 0x00, 0x50, 0x04, 0x00, 0x00,
    0x70, 0x01, 0x00, 0x00, 0x50, 0x04, 0x00, 0x00, 0x90, 0x00, 0x00, 0x00, 0x50, 0x04, 0x00, 0x00,
    0x50, 0x01, 0x00, 0x00, 0x50, 0x04, 0x00, 0x00, 0xf0, 0x02, 0x00, 0x00, 0x50, 0x04, 0x00, 0x00,
    0xd0, 0x01, 0x00, 0x00, 0x50, 0x04, 0x00, 0x00, 0xc0, 0x01, 0x00, 0x00, 0x80, 0x04, 0x00, 0x00,
    0x30, 0x03, 0x00, 0x00, 0x90, 0x04, 0x00, 0x00, 0x20, 0x01, 0x00, 0x00, 0x50, 0x04, 0x00, 0x00,
    0x00, 0x03, 0x00, 0x00, 0x50, 0x04, 0x00, 0x00, 0x10, 0x01, 0x00, 0x00, 0x50, 0x04, 0x00, 0x00,
    0x50, 0x01, 0x00, 0x00, 0x90, 0x04, 0x00, 0x00, 0x80, 0x00, 0x00, 0x00, 0x90, 0x04, 0x00, 0x00,
    0x70, 0x02, 0x00, 0x00, 0x80, 0x04, 0x00, 0x00, 0x30, 0x03, 0x00, 0x00, 0x50, 0x04, 0x00, 0x00,
    0x40, 0x02, 0x00, 0x00, 0x80, 0x04, 0x00, 0x00, 0x20, 0x03, 0x00, 0x00, 0x90, 0x04, 0x00, 0x00,
    0xd0, 0x00, 0x00, 0x00, 0x90, 0x04, 0x00, 0x00, 0x30, 0x01, 0x00, 0x00, 0x50, 0x04, 0x00, 0x00,
    0x00, 0x02, 0x08, 0x18, 0x40, 0xa0, 0x80, 0x81, 0x03, 0x08, 0x12, 0x28, 0x58, 0xc0, 0xa0, 0x81,
    0x83, 0x07, 0x10, 0x22, 0x48, 0x98, 0x40, 0xa1, 0x82, 0x85, 0x0b, 0x18, 0x32, 0x68, 0xd8, 0xc0,
    0xa1, 0x83, 0x87, 0x0f, 0x20, 0x42, 0x88, 0x18, 0x41, 0xa2, 0x84, 0x89, 0x13, 0x28, 0x52, 0xa8,
    0x58, 0xc1, 0xa2, 0x85, 0x8b, 0x17, 0x30, 0x62, 0xc8, 0x98, 0x41, 0xa3, 0x86, 0x8d, 0x1b, 0x38,
    0x72, 0xe8, 0xd8, 0xc1, 0xa3, 0x87, 0x8f, 0x1f, 0x40, 0x82, 0x08, 0x19, 0x42, 0xa4, 0x88, 0x91,
    0x23, 0x48, 0x92, 0x28, 0x59, 0xc2, 0xa4, 0x89, 0x93, 0x27, 0x50, 0xa2, 0x48, 0x99, 0x42, 0xa5,
    0x8a, 0x95, 0x2b, 0x58, 0xb2, 0x68, 0xd9, 0xc2, 0xa5, 0x8b, 0x97, 0xff, 0xff, 0xff, 0xff, 0xff,
    0xff, 0xff, 0xff, 0xff, 0xff, 0xff, 0xff, 0xff, 0xff, 0xff, 0xff, 0xff, 0xff, 0xff, 0xff, 0xff,
    0xff, 0xff, 0xff, 0xff, 0xff, 0xff, 0xff, 0xff, 0xff, 0xff, 0xff, 0xff, 0xff, 0xff, 0xff, 0xff,
    0x5f, 0xc0, 0x84, 0x11, 0x33, 0x86, 0x4c, 0x19, 0x33, 0x67, 0xd0, 0xa4, 0x51, 0xb3, 0x86, 0x4d,
    0x1b, 0x37, 0x6f, 0xe0, 0xc4, 0x91, 0x33, 0x87, 0x4e, 0x1d, 0x3b, 0x77, 0xf0, 0xe4, 0xd1, 0xb3,
    0x87, 0x4f, 0x1f, 0x3f, 0x7f, 0x00, 0x05, 0x12, 0x34, 0x88, 0x50, 0x21, 0x43, 0x87, 0x10, 0x25,
    0x52, 0xb4, 0x88, 0x51, 0x23, 0x47, 0x8f, 0x20, 0x45, 0x92, 0x34, 0x89, 0x52, 0x25, 0x4b, 0x97,
    0x30, 0x65, 0xd2, 0xb4, 0x89, 0x53, 0x27, 0x4f, 0x9f, 0x40, 0x85, 0x12, 0x35, 0x8a, 0x54, 0x29,
    0x53, 0xa7, 0x50, 0xa5, 0x52, 0xb5, 0x8a, 0x55, 0x2b, 0x57, 0xaf, 0x60, 0xc5, 0x92, 0x35, 0x8b,
    0x56, 0x2d, 0x5b, 0xb7, 0x70, 0xe5, 0xd2, 0xb5, 0x8b, 0x57, 0x2f, 0x5f, 0xff, 0xff, 0xff, 0xff,
    0xff, 0xff, 0xff, 0xff, 0xff, 0xff, 0xff, 0xff, 0xff, 0xff, 0xff, 0xff, 0xff, 0xff, 0xff, 0xff,
    0xff, 0xff, 0xff, 0xff, 0xff, 0xff, 0xff, 0xff, 0xff, 0xff, 0xff, 0xff, 0xff, 0xff, 0xff, 0xff,
    0xff, 0xff, 0xff, 0xff, 0xff, 0xff, 0xff, 0xff, 0xff, 0xff, 0xff, 0xff, 0xff, 0xff, 0xff, 0xff,
    0xff, 0xff, 0xff, 0xff, 0xff, 0xff, 0xff, 0xff, 0xff, 0xff, 0xff, 0xff, 0xff, 0xff, 0xff, 0xff,
    0xff, 0xff, 0xff, 0xff, 0xff, 0xff, 0xff, 0xff, 0xff, 0xff, 0xff, 0xff, 0xff, 0xff, 0xff, 0xff,
    0xff, 0xff, 0xff, 0xff, 0xff, 0xff, 0xff, 0xff, 0xff, 0x02, 0xf6, 0xff, 0xff, 0xff, 0xff, 0xff,
    0xff, 0xff, 0xff, 0xff, 0xff, 0xff, 0xff, 0xff, 0xc1, 0x84, 0xfd, 0xff, 0xff, 0xff, 0xff, 0xff,
    0xff, 0xff, 0xff, 0xff, 0xff, 0xff, 0xff, 0xff, 0xff, 0xff, 0xff, 0xff, 0xff, 0xff, 0xff, 0xff,
    0xff, 0xff, 0xff, 0xc3, 0xfe, 0xff, 0xff, 0xff, 0xff, 0xff, 0xff, 0xff, 0xff, 0xff, 0xff, 0xff,
    0xff, 0xff, 0xff, 0xff, 0xff, 0xff, 0xff, 0xff, 0xff, 0xff, 0xff, 0xff, 0xff, 0xff, 0xff, 0xff,
    0x13, 0xfb, 0xff, 0xff, 0xff, 0xff, 0xff, 0xff, 0xff, 0xff, 0xff, 0xff, 0xff, 0xff, 0xff, 0xff,
    0xff, 0xff, 0xff, 0xff, 0xff, 0xff, 0xff, 0xff, 0xff, 0xff, 0xff, 0xff, 0xff, 0xff, 0xff, 0xff,
    0xff, 0xff, 0xff, 0xff, 0xff, 0xff, 0xff, 0xff, 0xff, 0xff, 0xff, 0xff, 0xff, 0xff, 0xff, 0xff,
    0xff, 0xff, 0xff, 0xff, 0xff, 0xff, 0xff, 0xff, 0xff, 0xff, 0xff, 0xff, 0xff, 0xff, 0xff, 0xff,
    0xff, 0xff, 0xff, 0xff, 0xff, 0xff, 0xff, 0xff, 0xff, 0xff, 0xff, 0xff, 0xff, 0xff, 0xff, 0xff,
    0xff, 0xff, 0xff, 0xff, 0xff, 0xff, 0xff, 0xff, 0xff, 0xff, 0xff, 0xff, 0xff, 0xff, 0xff, 0xff,
    0xff, 0xff, 0xff, 0xff, 0xff, 0xff, 0xff, 0xff, 0xff, 0xff, 0xff, 0xff, 0xff, 0xff, 0xff, 0xff,
    0xff, 0xff, 0xff, 0xff, 0xff, 0xff, 0xff, 0xff, 0xff, 0xff, 0xff, 0xff, 0xff, 0xff, 0xff, 0xff,
    0xff, 0xff, 0xff, 0xff, 0xff, 0xff, 0xff, 0xff, 0xff, 0xff, 0xff, 0xff, 0xff, 0xff, 0xff, 0xff,
    0xff, 0xff, 0xff, 0xff, 0xff, 0xff, 0xff, 0xff, 0xff, 0xff, 0xff, 0xff, 0xff, 0xff, 0xff, 0xff,
    0xff, 0xff, 0xff, 0xff, 0xff, 0xff, 0xff, 0xff, 0xff, 0xff, 0xff, 0xff, 0xff, 0xff, 0xff, 0xff,
    0xff, 0xff, 0xff, 0xff, 0xff, 0xff, 0xff, 0xff, 0xff, 0xff, 0xff, 0xff, 0xff, 0xff, 0xff, 0xff,
    0xff, 0xff, 0xff, 0xff, 0xff, 0xff, 0xff, 0xff, 0xff, 0xff, 0xff, 0xff, 0xff, 0xff, 0xff, 0xff,
    0xff, 0xff, 0xff, 0xff, 0xff, 0xff, 0xff, 0xff, 0xff, 0xff, 0xff, 0xff, 0xff, 0xff, 0xff, 0xff,
    0xff, 0xff, 0xff, 0xff, 0xff, 0xff, 0xff, 0xff, 0xff, 0xff, 0xff, 0xff, 0xff, 0xff, 0xff, 0xff,
    0xff, 0xff, 0xff, 0xff, 0xff, 0xff, 0xff, 0xff, 0xff, 0xff, 0xff, 0xff, 0xff, 0xff, 0xff, 0xff,
    0xff, 0xff, 0xff, 0xff, 0xff, 0xff, 0xff, 0xff, 0xff, 0xff, 0xff, 0xff, 0xff, 0xff, 0xff, 0xff,
    0xff, 0xff, 0xff, 0xff, 0xff, 0xff, 0xff, 0xff, 0xff, 0xff, 0xff, 0xff, 0xff, 0xff, 0xff, 0xff,
    0xff, 0xff, 0xff, 0xff, 0xff, 0xff, 0xff, 0xff, 0xff, 0xff, 0xff, 0xff, 0xff, 0xff, 0xff, 0xff,
    0xff, 0xff, 0xff, 0xff, 0xff, 0xff, 0xff, 0xff, 0xff, 0xff, 0xff, 0xff, 0xff, 0xff, 0xff, 0xff,
    0xff, 0xff, 0xff, 0xff, 0xff, 0xff, 0xff, 0xff, 0xff, 0xff, 0xff, 0xff, 0xff, 0xff, 0xff, 0xff,
    0xff, 0xff, 0xff, 0xff, 0xff, 0xff, 0xff, 0xff, 0xff, 0xff, 0x7f, 0x31, 0x63, 0xff, 0x8f, 0xfd,
    0xff, 0xff, 0xff, 0xff, 0xff, 0xff, 0xff, 0xff, 0xff, 0xff, 0xff, 0xff, 0xff, 0xff, 0xff, 0xc8,
    0x92, 0x29, 0x5b, 0xc6, 0xac, 0xd9, 0xff, 0xff, 0xff, 0xff, 0xff, 0xff, 0xff, 0xff, 0xff, 0xff,
    0xff, 0xff, 0xff, 0xff, 0xff, 0xff, 0xff, 0xff, 0xff, 0xff, 0xff, 0xff, 0xff, 0xff, 0xff, 0xff,
    0xff, 0xff, 0xff, 0xff, 0xff, 0xff, 0xff, 0xff, 0xff, 0xff, 0xff, 0xff, 0xff, 0xff, 0xff, 0xff,
    0xff, 0xff, 0xff, 0xff, 0xff, 0xff, 0xff, 0xff, 0xff, 0xff, 0xff, 0xff, 0xff, 0xff, 0xff, 0xff,
    0xff, 0xff, 0xff, 0xff, 0xff, 0xff, 0xff, 0xff, 0xff, 0xff, 0xff, 0xff, 0xff, 0xff, 0xff, 0xff,
    0xff, 0xff, 0xff, 0xff, 0xff, 0xff, 0xff, 0xff, 0xff, 0xff, 0xff, 0xff, 0xff, 0xff, 0xff, 0xff,
    0xff, 0xff, 0xff, 0xff, 0xff, 0xff, 0xff, 0xff, 0xff, 0xff, 0xff, 0xff, 0xff, 0xff, 0xff, 0xff,
    0xff, 0xff, 0xff, 0xff, 0xff, 0xff, 0xff, 0xff, 0xff, 0xff, 0xff, 0xff, 0xff, 0xff, 0xff, 0xff,
    0xff, 0xff, 0xff, 0xff, 0xff, 0xff, 0xff, 0xff, 0xff, 0xff, 0xff, 0xff, 0xff, 0xff, 0xff, 0xff,
    0xff, 0xff, 0xff, 0xff, 0xff, 0xff, 0xff, 0xff, 0xff, 0xff, 0xff, 0xff, 0xff, 0xff, 0xff, 0xff,
    0xff, 0xff, 0xff, 0xff, 0xff, 0xff, 0xff, 0xff, 0xff, 0xff, 0xff, 0xff, 0xff, 0xff, 0xef, 0xec,
    0xd9, 0xff, 0xff, 0xff, 0xff, 0x43, 0xfb, 0xff, 0xff, 0x7f, 0xb4, 0xff, 0xff, 0xff, 0xff, 0xff,
    0x2f, 0x6d, 0xda, 0xff, 0xff, 0xff, 0xff, 0xff, 0xff, 0xff, 0xff, 0xff, 0xff, 0xff, 0xff, 0xff,
    0xff, 0xff, 0xff, 0xff, 0xff, 0xff, 0xff, 0xff, 0xff, 0xff, 0xff, 0xff, 0xff, 0xff, 0xff, 0xff,
    0xff, 0xff, 0xff, 0xff, 0xff, 0xff, 0xff, 0xff, 0xff, 0xff, 0xff, 0xff, 0xff, 0xff, 0xff, 0xff,
    0xff, 0xff, 0xff, 0xff, 0xff, 0xff, 0xff, 0xff, 0xff, 0xff, 0xff, 0xff, 0xff, 0xff, 0xff, 0xff,
    0xff, 0xff, 0xff, 0xff, 0xff, 0xff, 0xff, 0xff, 0xff, 0xff, 0xff, 0xff, 0xff, 0xff, 0xff, 0xff,
    0xff, 0xff, 0xff, 0xff, 0xff, 0xff, 0xff, 0xff, 0xff, 0xff, 0xff, 0xff, 0xff, 0xff, 0xff, 0xff,
    0xff, 0xff, 0xff, 0xff, 0xff, 0xff, 0xff, 0xff, 0xff, 0xff, 0xff, 0xff, 0xff, 0xff, 0xff, 0xff,
    0xff, 0xff, 0xff, 0xff, 0xff, 0xff, 0xff, 0xff, 0xff, 0xff, 0xff, 0xff, 0xff, 0xff, 0xff, 0xff,
    0xff, 0xff, 0xff, 0xff, 0xff, 0xff, 0xff, 0xff, 0xff, 0xff, 0xff, 0xff, 0xff, 0xa9, 0x55, 0xb3,
    0x76, 0x0d, 0x5b, 0x36, 0x6d, 0xdb, 0xb8, 0x75, 0xf3, 0xf6, 0xed, 0x3f, 0xb8, 0x70, 0xe2, 0xc6,
    0x91, 0x2b, 0x67, 0xee, 0x1c, 0xba, 0x74, 0xea, 0xd6, 0xb1, 0x6b, 0xe7, 0xee, 0x1d, 0xbc, 0x78,
    0xf2, 0xe6, 0xd1, 0xab, 0x67, 0xef, 0x1e, 0xbe, 0x7c, 0xfa, 0xf6, 0xf1, 0xeb, 0xe7, 0xef, 0x1f,
    0xc0, 0x80, 0x02, 0x07, 0x12, 0x2c, 0x68, 0xf0, 0x20, 0xc2, 0x84, 0x0a, 0x17, 0x32, 0x6c, 0xe8,
    0xf0, 0x21, 0xc4, 0x88, 0x12, 0x27, 0x52, 0xac, 0x68, 0xf1, 0x22, 0xc6, 0x8c, 0x1a, 0x37, 0x72,
    0xec, 0xe8, 0xf1, 0x23, 0xc8, 0x90, 0xff, 0x45, 0x8e, 0x24, 0x59, 0xd2, 0xe4, 0x49, 0x94, 0x29,
    0x55, 0xae, 0x64, 0xd9, 0xf2, 0xbf, 0xcb, 0x97, 0xff, 0xff, 0xff, 0xff, 0xff, 0xff, 0xff, 0xff,
    0xff, 0xff, 0xff, 0xff, 0xff, 0xff, 0xff, 0xff, 0xff, 0xff, 0xff, 0xff, 0xff, 0xff, 0xff, 0xff,
    0xff, 0xff, 0xff, 0xff, 0xff, 0xff, 0xff, 0xff, 0xff, 0xff, 0xff, 0xff, 0xff, 0xff, 0xff, 0xff,
    0xff, 0xff, 0xff, 0xff, 0xff, 0xff, 0xff, 0xff, 0xff, 0xff, 0xff, 0xff, 0xff, 0xff, 0x30, 0x63,
    0xfe, 0xff, 0xff, 0xff, 0xff, 0xff, 0xff, 0xff, 0xff, 0xff, 0xff, 0xff, 0xff, 0xff, 0xff, 0xff,
    0xff, 0xff, 0xff, 0xff, 0xff, 0xff, 0xff, 0xff, 0xff, 0xff, 0xff, 0xff, 0xff, 0xff, 0xff, 0xff,
    0xff, 0xff, 0xff, 0xff, 0xff, 0xff, 0xff, 0xff, 0xff, 0xff, 0xff, 0xff, 0xff, 0xff, 0xff, 0xff,
    0xff, 0xff, 0xff, 0xff, 0x32, 0xff, 0xff, 0xff, 0xff, 0xff, 0xff, 0xff, 0xff, 0xff, 0xff, 0xff,
    0xff, 0xff, 0xff, 0xff, 0xff, 0xff, 0xff, 0xff, 0xff, 0xff, 0xff, 0xff, 0xff, 0xff, 0xff, 0xff,
    0xff, 0xff, 0xff, 0xff, 0xff, 0xff, 0xff, 0xff, 0xff, 0xff, 0xff, 0xff, 0xff, 0xff, 0xff, 0xff,
    0xff, 0xff, 0xff, 0xff, 0xff, 0xff, 0xff, 0xff, 0xff, 0xff, 0xff, 0xff, 0xff, 0xff, 0xff, 0xff,
    0xff, 0xff, 0xff, 0xff, 0xff, 0xff, 0xff, 0xff, 0xff, 0xff, 0xff, 0xff, 0xff, 0xff, 0xff, 0xff,
    0xff, 0xff, 0xff, 0xff, 0xff, 0xff, 0xff, 0xff, 0xff, 0xff, 0xff, 0xff, 0xff, 0xff, 0xff, 0xff,
    0xff, 0xff, 0xff, 0xff, 0xff, 0xff, 0xff, 0xff, 0xff, 0xff, 0xff, 0xff, 0xff, 0xff, 0xff, 0xff,
    0xff, 0xff, 0xff, 0xff, 0xff, 0xff, 0xff, 0xff, 0xff, 0xff, 0xff, 0xff, 0xff, 0xff, 0xff, 0xff,
    0xff, 0xff, 0xff, 0xff, 0xff, 0xff, 0xff, 0xff, 0xff, 0xff, 0xff, 0xff, 0xff, 0xff, 0xff, 0xff,
    0xff, 0xff, 0xff, 0xff, 0xff, 0xff, 0xff, 0xff, 0xff, 0xff, 0xff, 0xff, 0xff, 0xff, 0xff, 0xff,
    0xff, 0xff, 0xff, 0xff, 0xff, 0xff, 0xff, 0xff, 0xff, 0xff, 0xff, 0xff, 0xff, 0xff, 0xff, 0xff,
    0xff, 0xff, 0xff, 0xff, 0xff, 0xff, 0xff, 0xff, 0xff, 0xff, 0xff, 0xff, 0xff, 0xff, 0xff, 0xff,
    0xff, 0xff, 0xff, 0xff, 0xff, 0xff, 0xff, 0xff, 0xff, 0xff, 0xff, 0xff, 0xff, 0xff, 0xff, 0xff,
    0xff, 0xff, 0xff, 0xff, 0xff, 0xff, 0xff, 0xff, 0xff, 0xff, 0xff, 0xff, 0xff, 0xff, 0xff, 0xff,
    0xff, 0xff, 0xff, 0xff, 0xff, 0xff, 0xff, 0xff, 0xff, 0xff, 0xff, 0xff, 0xff, 0xff, 0xff, 0xff,
    0xff, 0xff, 0xff, 0xff, 0xff, 0xff, 0xff, 0xff, 0xff, 0xff, 0xff, 0xff, 0xff, 0xff, 0xff, 0xff,
    0xff, 0xff, 0xff, 0xff, 0xff, 0xff, 0xff, 0xff, 0xff, 0xff, 0xff, 0xff, 0xff, 0xff, 0xff, 0xff,
    0xff, 0xff, 0xff, 0xff, 0xff, 0xff, 0xff, 0xff, 0xff, 0xff, 0xff, 0xff, 0xff, 0xff, 0xff, 0xff,
    0xff, 0xff, 0xff, 0xff, 0xff, 0xff, 0xff, 0xff, 0xff, 0xff, 0xff, 0xff, 0xff, 0xff, 0xff, 0xff,
    0xff, 0xff, 0xff, 0xff, 0xff, 0xff, 0xff, 0xff, 0xff, 0xff, 0xff, 0xff, 0xff, 0xff, 0xff, 0xff,
    0xff, 0xff, 0xff, 0xff, 0xff, 0xff, 0xff, 0xff, 0xff, 0xff, 0xff, 0xff, 0xff, 0xff, 0xff, 0xff,
    0xff, 0xff, 0xff, 0xff, 0xff, 0xff, 0xff, 0xff, 0xff, 0xff, 0xff, 0xff, 0xff, 0xff, 0xff, 0xff,
    0xff, 0xff, 0xff, 0xff, 0xff, 0xff, 0xff, 0xff, 0xff, 0xff, 0xff, 0xff, 0xff, 0xff, 0xff, 0xff,
    0xff, 0xff, 0xff, 0xff, 0xff, 0xff, 0xff, 0xff, 0xff, 0xff, 0xff, 0xff, 0xff, 0xff, 0xff, 0xff,
    0xff, 0xff, 0xff, 0xff, 0xff, 0xff, 0xff, 0xff, 0xff, 0xff, 0xff, 0xff, 0xff, 0xff, 0xff, 0xff,
    0xff, 0xff, 0xff, 0xff, 0xff, 0xff, 0xff, 0xff, 0xff, 0xff, 0xff, 0xff, 0xff, 0xff, 0xff, 0xff,
    0xff, 0xff, 0xff, 0xff, 0xff, 0xff, 0xff, 0xff, 0xff, 0xff, 0xff, 0xff, 0xff, 0xff, 0xff, 0xff,
    0xff, 0xff, 0xff, 0xff, 0xff, 0xff, 0xff, 0xff, 0xff, 0xff, 0xff, 0xff, 0xff, 0xff, 0xff, 0xff,
    0xff, 0xff, 0xff, 0xff, 0xff, 0xff, 0xff, 0xff, 0xff, 0xff, 0xff, 0xff, 0xff, 0xff, 0xff, 0xff,
    0xff, 0xff, 0xff, 0xff, 0xff, 0xff, 0xff, 0xff, 0xff, 0xff, 0xff, 0xff, 0xff, 0xff, 0xff, 0xff,
    0xff, 0xff, 0xff, 0xff, 0xff, 0xff, 0xff, 0xff, 0xff, 0xff, 0xff, 0xff, 0xff, 0xff, 0xff, 0xff,
    0xff, 0xff, 0xff, 0xff, 0xff, 0xff, 0xff, 0xff, 0xff, 0xff, 0xff, 0xff, 0xff, 0xff, 0xff, 0xff,
    0xff, 0xff, 0xff, 0xff, 0xff, 0xff, 0xff, 0xff, 0xff, 0xff, 0xff, 0xff, 0xff, 0xff, 0xff, 0xff,
    0xff, 0xff, 0xff, 0xff, 0xff, 0xff, 0xff, 0xff, 0xff, 0xff, 0xff, 0xff, 0xff, 0xff, 0xff, 0xff,
    0xff, 0xff, 0xff, 0xff, 0xff, 0xff, 0xff, 0xff, 0xff, 0xff, 0xff, 0xff, 0xff, 0xff, 0xff, 0xff,
    0xff, 0xff, 0xff, 0xff, 0xff, 0xff, 0xff, 0xff, 0xff, 0xff, 0xff, 0xff, 0xff, 0xff, 0xff, 0xff,
    0xff, 0xff, 0xff, 0xff, 0xff, 0xff, 0xff, 0xff, 0xff, 0xff, 0xff, 0xff, 0xff, 0xff, 0xff, 0xff,
    0xff, 0xff, 0xff, 0xff, 0xff, 0xff, 0xff, 0xff, 0xff, 0xff, 0xff, 0xff, 0xff, 0xff, 0xff, 0xff,
    0xff, 0xff, 0xff, 0xff, 0xff, 0xff, 0xff, 0xff, 0xff, 0xff, 0xff, 0xff, 0xff, 0xff, 0xff, 0xff,
    0xff, 0xff, 0xff, 0xff, 0xff, 0xff, 0xff, 0xff, 0xff, 0xff, 0xff, 0xff, 0xff, 0xff, 0xff, 0xff,
    0xff, 0xff, 0xff, 0xff, 0xff, 0xff, 0xff, 0xff, 0xff, 0xff, 0xff, 0xff, 0xff, 0xff, 0xff, 0xff,
    0xff, 0xff, 0xff, 0xff, 0xff, 0xff, 0xff, 0xff, 0xff, 0xff, 0xff, 0xff, 0xff, 0xff, 0xff, 0xff,
    0xff, 0xff, 0xff, 0xff, 0xff, 0xff, 0xff, 0xff, 0xff, 0xff, 0xff, 0xff, 0xff, 0xff, 0xff, 0xff,
    0xff, 0xff, 0xff, 0xff, 0xff, 0xff, 0xff, 0xff, 0xff, 0xff, 0xff, 0xff, 0xff, 0xff, 0xff, 0xff,
    0xff, 0xff, 0xff, 0xff, 0xff, 0xff, 0xff, 0xff, 0xff, 0xff, 0xff, 0xff, 0xff, 0xff, 0xff, 0xff,
    0xff, 0xff, 0xff, 0xff, 0xff, 0xff, 0xff, 0xff, 0xff, 0xff, 0xff, 0xff, 0xff, 0xff, 0xff, 0xff,
    0xff, 0xff, 0xff, 0xff, 0xff, 0xff, 0xff, 0xff, 0xff, 0xff, 0xff, 0xff, 0xff, 0xff, 0xff, 0xff,
    0xff, 0xff, 0xff, 0xff, 0xff, 0xff, 0xff, 0xff, 0xff, 0xff, 0xff, 0xff, 0xff, 0xff, 0xff, 0xff,
    0xff, 0xff, 0xff, 0xff, 0xff, 0xff, 0xff, 0xff, 0xff, 0xff, 0xff, 0xff, 0xff, 0xff, 0xff, 0xff,
    0xff, 0xff, 0xff, 0xff, 0xff, 0xff, 0xff, 0xff, 0xff, 0xff, 0xff, 0xff, 0xff, 0xff, 0xff, 0xff,
    0xff, 0xff, 0xff, 0xff, 0xff, 0xff, 0xff, 0xff, 0xff, 0xff, 0xff, 0xff, 0xff, 0xff, 0xff, 0xff,
    0xff, 0xff, 0xff, 0xff, 0xff, 0xff, 0xff, 0xff, 0xff, 0xff, 0xff, 0xff, 0xff, 0xff, 0xff, 0xff,
    0xff, 0xff, 0xff, 0xff, 0xff, 0xff, 0xff, 0xff, 0xff, 0xff, 0xff, 0xff, 0xff, 0xff, 0xff, 0xff,
    0xff, 0xff, 0xff, 0xff, 0xff, 0xff, 0xff, 0xff, 0xff, 0xff, 0xff, 0xff, 0xff, 0xff, 0xff, 0xff,
    0xff, 0xff, 0xff, 0xff, 0xff, 0xff, 0xff, 0xff, 0xff, 0xff, 0xff, 0xff, 0xff, 0xff, 0xff, 0xff,
    0xff, 0xff, 0xff, 0xff, 0xff, 0xff, 0xff, 0xff, 0xff, 0xff, 0xff, 0xff, 0xff, 0xff, 0xff, 0xff,
    0xff, 0xff, 0xff, 0xff, 0xff, 0xff, 0xff, 0xff, 0xff, 0xff, 0xff, 0xff, 0xff, 0xff, 0xff, 0xff,
    0xff, 0xff, 0xff, 0xff, 0xff, 0xff, 0xff, 0xff, 0xff, 0xff, 0xff, 0xff, 0xff, 0xff, 0xff, 0xff,
    0xff, 0xff, 0xff, 0xff, 0xff, 0xff, 0xff, 0xff, 0xff, 0xff, 0xff, 0xff, 0xff, 0xff, 0xff, 0xff,
    0xff, 0xff, 0xff, 0xff, 0xff, 0xff, 0xff, 0xff, 0xff, 0xff, 0xff, 0xff, 0xff, 0xff, 0xff, 0xff,
    0xff, 0xff, 0xff, 0xff, 0xff, 0xff, 0xff, 0xff, 0xff, 0xff, 0xff, 0xff, 0xff, 0xff, 0xff, 0xff,
    0xff, 0xff, 0xff, 0xff, 0xff, 0xff, 0xff, 0xff, 0xff, 0xff, 0xff, 0xff, 0xff, 0xff, 0xff, 0xff,
    0xff, 0xff, 0xff, 0xff, 0xff, 0xff, 0xff, 0xff, 0xff, 0xff, 0xff, 0xff, 0xff, 0xff, 0xff, 0xff,
    0xff, 0xff, 0xff, 0xff, 0xff, 0xff, 0xff, 0xff, 0xff, 0xff, 0xff, 0xff, 0xff, 0xff, 0xff, 0xff,
    0xff, 0xff, 0xff, 0xff, 0xff, 0xff, 0xff, 0xff, 0xff, 0xff, 0xff, 0xff, 0xff, 0xff, 0xff, 0xff,
    0xff, 0xff, 0xff, 0xff, 0xff, 0xff, 0xff, 0xff, 0xff, 0xff, 0xff, 0xff, 0xff, 0xff, 0xff, 0xff,
    0xff, 0xff, 0xff, 0xff, 0xff, 0xff, 0xff, 0xff, 0xff, 0xff, 0xff, 0xff, 0xff, 0xff, 0xff, 0xff,
    0xff, 0xff, 0xff, 0xff, 0xff, 0xff, 0xff, 0xff, 0xff, 0xff, 0xff, 0xff, 0xff, 0xff, 0xff, 0xff,
    0xff, 0xff, 0xff, 0xff, 0xff, 0xff, 0xff, 0xff, 0xff, 0xff, 0xff, 0xff, 0xff, 0xff, 0xff, 0xff,
    0xff, 0xff, 0xff, 0xff, 0xff, 0xff, 0xff, 0xff, 0xff, 0xff, 0xff, 0xff, 0xff, 0xff, 0xff, 0xff,
    0xff, 0xff, 0xff, 0xff, 0xff, 0xff, 0xff, 0xff, 0xff, 0xff, 0xff, 0xff, 0xff, 0xff, 0xff, 0xff,
    0xff, 0xff, 0xff, 0xff, 0xff, 0xff, 0xff, 0xff, 0xff, 0xff, 0xff, 0xff, 0xff, 0xff, 0xff, 0xff,
    0xff, 0xff, 0xff, 0xff, 0xff, 0xff, 0xff, 0xff, 0xff, 0xff, 0xff, 0xff, 0xff, 0xff, 0xff, 0xff,
    0xff, 0xff, 0xff, 0xff, 0xff, 0xff, 0xff, 0xff, 0xff, 0xff, 0xff, 0xff, 0xff, 0xff, 0xff, 0xff,
    0xff, 0xff, 0xff, 0xff, 0xff, 0xff, 0xff, 0xff, 0xff, 0xff, 0xff, 0xff, 0xff, 0xff, 0xff, 0xff,
    0xff, 0xff, 0xff, 0xff, 0xff, 0xff, 0xff, 0xff, 0xff, 0xff, 0xff, 0xff, 0xff, 0xff, 0xff, 0xff,
    0xff, 0xff, 0xff, 0xff, 0xff, 0xff, 0xff, 0xff, 0xff, 0xff, 0xff, 0xff, 0xff, 0xff, 0xff, 0xff,
    0xff, 0xff, 0xff, 0xff, 0xff, 0xff, 0xff, 0xff, 0xff, 0xff, 0xff, 0xff, 0xff, 0xff, 0xff, 0xff,
    0xff, 0xff, 0xff, 0xff, 0xff, 0xff, 0xff, 0xff, 0xff, 0xff, 0xff, 0xff, 0xff, 0xff, 0xff, 0xff,
    0xff, 0xff, 0xff, 0xff, 0xff, 0xff, 0xff, 0xff, 0xff, 0xff, 0xff, 0xff, 0xff, 0xff, 0xff, 0xff,
    0xff, 0xff, 0xff, 0xff, 0xff, 0xff, 0xff, 0xff, 0xff, 0xff, 0xff, 0xff, 0xff, 0xff, 0xff, 0xff,
    0xff, 0xff, 0xff, 0xff, 0xff, 0xff, 0xff, 0xff, 0xff, 0xff, 0xff, 0xff, 0xff, 0xff, 0xff, 0xff,
    0xff, 0xff, 0xff, 0xff, 0xff, 0xff, 0xff, 0xff, 0xff, 0xff, 0xff, 0xff, 0xff, 0xff, 0xff, 0xff,
    0xff, 0xff, 0xff, 0xff, 0xff, 0xff, 0xff, 0xff, 0xff, 0xff, 0xff, 0xff, 0xff, 0xff, 0xff, 0xff,
    0xff, 0xff, 0xff, 0xff, 0xff, 0xff, 0xff, 0xff, 0xff, 0xff, 0xff, 0xff, 0xff, 0xff, 0xff, 0xff,
    0xff, 0xff, 0xff, 0xff, 0xff, 0xff, 0xff, 0xff, 0xff, 0xff, 0xff, 0xff, 0xff, 0xff, 0xff, 0xff,
    0xff, 0xff, 0xff, 0xff, 0xff, 0xff, 0xff, 0xff, 0xff, 0xff, 0xff, 0xff, 0xff, 0xff, 0xff, 0xff,
    0xff, 0xff, 0xff, 0xff, 0xff, 0xff, 0xff, 0xff, 0xff, 0xff, 0xff, 0xff, 0xff, 0xff, 0xff, 0xff,
    0xff, 0xff, 0xff, 0xff, 0xff, 0xff, 0xff, 0xff, 0xff, 0xff, 0xff, 0xff, 0xff, 0xff, 0xff, 0xff,
    0xff, 0xff, 0xff, 0xff, 0xff, 0xff, 0xff, 0xff, 0xff, 0xff, 0xff, 0xff, 0xff, 0xff, 0xff, 0xff,
    0xff, 0xff, 0xff, 0xff, 0xff, 0xff, 0xff, 0xff, 0xff, 0xff, 0xff, 0xff, 0xff, 0xff, 0xff, 0xff,
    0xff, 0xff, 0xff, 0xff, 0xff, 0xff, 0xff, 0xff, 0xff, 0xff, 0xff, 0xff, 0xff, 0xff, 0xff, 0xff,
    0xff, 0xff, 0xff, 0xff, 0xff, 0xff, 0xff, 0xff, 0xff, 0xff, 0xff, 0xff, 0xff, 0xff, 0xff, 0xff,
    0xff, 0xff, 0xff, 0xff, 0xff, 0xff, 0xff, 0xff, 0xff, 0xff, 0xff, 0xff, 0xff, 0xff, 0xff, 0xff,
    0xff, 0xff, 0xff, 0xff, 0xff, 0xff, 0xff, 0xff, 0xff, 0xff, 0xff, 0xff, 0xff, 0xff, 0xff, 0xff,
    0xff, 0xff, 0xff, 0xff, 0xff, 0xff, 0xff, 0xff, 0xff, 0xff, 0xff, 0xff, 0xff, 0xff, 0xff, 0xff,
    0xff, 0xff, 0xff, 0xff, 0xff, 0xff, 0xff, 0xff, 0xff, 0xff, 0xff, 0xff, 0xff, 0xff, 0xff, 0xff,
    0xff, 0xff, 0xff, 0xff, 0xff, 0xff, 0xff, 0xff, 0xff, 0xff, 0xff, 0xff, 0xff, 0xff, 0xff, 0xff,
    0xff, 0xff, 0xff, 0xff, 0xff, 0xff, 0xff, 0xff, 0xff, 0xff, 0xff, 0xff, 0xff, 0xff, 0xff, 0xff,
    0xff, 0xff, 0xff, 0xff, 0xff, 0xff, 0xff, 0xff, 0xff, 0xff, 0xff, 0xff, 0xff, 0xff, 0xff, 0xff,
    0xff, 0xff, 0xff, 0xff, 0xff, 0xff, 0xff, 0xff, 0xff, 0xff, 0xff, 0xff, 0xff, 0xff, 0xff, 0xff,
    0xff, 0xff, 0xff, 0xff, 0xff, 0xff, 0xff, 0xff, 0xff, 0xff, 0xff, 0xff, 0xff, 0xff, 0xff, 0xff,
    0xff, 0xff, 0xff, 0xff, 0xff, 0xff, 0xff, 0xff, 0xff, 0xff, 0xff, 0xff, 0xff, 0xff, 0xff, 0xff,
    0xff, 0xff, 0xff, 0xff, 0xff, 0xff, 0xff, 0xff, 0xff, 0xff, 0xff, 0xff, 0xff, 0xff, 0xff, 0xff,
    0xff, 0xff, 0xff, 0xff, 0xff, 0xff, 0xff, 0xff, 0xff, 0xff, 0xff, 0xff, 0xff, 0xff, 0xff, 0xff,
    0xff, 0xff, 0xff, 0xff, 0xff, 0xff, 0xff, 0xff, 0xff, 0xff, 0xff, 0xff, 0xff, 0xff, 0xff, 0xff,
    0xff, 0xff, 0xff, 0xff, 0xff, 0xff, 0xff, 0xff, 0xff, 0xff, 0xff, 0xff, 0xff, 0xff, 0xff, 0xff,
    0xff, 0xff, 0xff, 0xff, 0xff, 0xff, 0xff, 0xff, 0xff, 0xff, 0xff, 0xff, 0xff, 0xff, 0xff, 0xff,
    0xff, 0xff, 0xff, 0xff, 0xff, 0xff, 0xff, 0xff, 0xff, 0xff, 0xff, 0xff, 0xff, 0xff, 0xff, 0xff,
    0xff, 0xff, 0xff, 0xff, 0xff, 0xff, 0xff, 0xff, 0xff, 0xff, 0xff, 0xff, 0xff, 0xff, 0xff, 0xff,
    0xff, 0xff, 0xff, 0xff, 0xff, 0xff, 0xff, 0xff, 0xff, 0xff, 0xff, 0xff, 0xff, 0xff, 0xff, 0xff,
    0xff, 0xff, 0xff, 0xff, 0xff, 0xff, 0xff, 0xff, 0xff, 0xff, 0xff, 0xff, 0xff, 0xff, 0xff, 0xff,
    0xff, 0xff, 0xff, 0xff, 0xff, 0xff, 0xff, 0xff, 0xff, 0xff, 0xff, 0xff, 0xff, 0xff, 0xff, 0xff,
    0xff, 0xff, 0xff, 0xff, 0xff, 0xff, 0xff, 0xff, 0xff, 0xff, 0xff, 0xff, 0xff, 0xff, 0xff, 0xff,
    0xff, 0xff, 0xff, 0xff, 0xff, 0xff, 0xff, 0xff, 0xff, 0xff, 0xff, 0xff, 0xff, 0xff, 0xff, 0xff,
    0xff, 0xff, 0xff, 0xff, 0xff, 0xff, 0xff, 0xff, 0xff, 0xff, 0xff, 0xff, 0xff, 0xff, 0xff, 0xff,
    0xff, 0xff, 0xff, 0xff, 0xff, 0xff, 0xff, 0xff, 0xff, 0xff, 0xff, 0xff, 0xff, 0xff, 0xff, 0xff,
    0xff, 0xff, 0xff, 0xff, 0xff, 0xff, 0xff, 0xff, 0xff, 0xff, 0xff, 0xff, 0xff, 0xff, 0xff, 0xff,
    0xff, 0xff, 0xff, 0xff, 0xff, 0xff, 0xff, 0xff, 0xff, 0xff, 0xff, 0xff, 0xff, 0xff, 0xff, 0xff,
    0xff, 0xff, 0xff, 0xff, 0xff, 0xff, 0xff, 0xff, 0xff, 0xff, 0xff, 0xff, 0xff, 0xff, 0xff, 0xff,
    0xff, 0xff, 0xff, 0xff, 0xff, 0xff, 0xff, 0xff, 0xff, 0xff, 0xff, 0xff, 0xff, 0xff, 0xff, 0xff,
    0xff, 0xff, 0xff, 0xff, 0xff, 0xff, 0xff, 0xff, 0xff, 0xff, 0xff, 0xff, 0xff, 0xff, 0xff, 0xff,
    0xff, 0xff, 0xff, 0xff, 0xff, 0xff, 0xff, 0xff, 0xff, 0xff, 0xff, 0xff, 0xff, 0xff, 0xff, 0xff,
    0xff, 0xff, 0xff, 0xff, 0xff, 0xff, 0xff, 0xff, 0xff, 0xff, 0xff, 0xff, 0xff, 0xff, 0xff, 0xff,
    0xff, 0xff, 0xff, 0xff, 0xff, 0xff, 0xff, 0xff, 0xff, 0xff, 0xff, 0xff, 0xff, 0xff, 0xff, 0xff,
    0xff, 0xff, 0xff, 0xff, 0xff, 0xff, 0xff, 0xff, 0xff, 0xff, 0xff, 0xff, 0xff, 0xff, 0xff, 0xff,
    0xff, 0xff, 0xff, 0xff, 0xff, 0xff, 0xff, 0xff, 0xff, 0xff, 0xff, 0xff, 0xff, 0xff, 0xff, 0xff,
    0xff, 0xff, 0xff, 0xff, 0xff, 0xff, 0xff, 0xff, 0xff, 0xff, 0xff, 0xff, 0xff, 0xff, 0xff, 0xff,
    0xff, 0xff, 0xff, 0xff, 0xff, 0xff, 0xff, 0xff, 0xff, 0xff, 0xff, 0xff, 0xff, 0xff, 0xff, 0xff,
    0xff, 0xff, 0xff, 0xff, 0xff, 0xff, 0xff, 0xff, 0xff, 0xff, 0xff, 0xff, 0xff, 0xff, 0xff, 0xff,
    0xff, 0xff, 0xff, 0xff, 0xff, 0xff, 0xff, 0xff, 0xff, 0xff, 0xff, 0xff, 0xff, 0xff, 0xff, 0xff,
    0xff, 0xff, 0xff, 0xff, 0xff, 0xff, 0xff, 0xff, 0xff, 0xff, 0xff, 0xff, 0xff, 0xff, 0xff, 0xff,
    0xff, 0xff, 0xff, 0xff, 0xff, 0xff, 0xff, 0xff, 0xff, 0xff, 0xff, 0xff, 0xff, 0xff, 0xff, 0xff,
    0xff, 0xff, 0xff, 0xff, 0xff, 0xff, 0xff, 0xff, 0xff, 0xff, 0xff, 0xff, 0xff, 0xff, 0xff, 0xff,
    0xff, 0xff, 0xff, 0xff, 0xff, 0xff, 0xff, 0xff, 0xff, 0xff, 0xff, 0xff, 0xff, 0xff, 0xff, 0xff,
    0xff, 0xff, 0xff, 0xff, 0xff, 0xff, 0xff, 0xff, 0xff, 0xff, 0xff, 0xff, 0xff, 0xff, 0xff, 0xff,
    0xff, 0xff, 0xff, 0xff, 0xff, 0xff, 0xff, 0xff, 0xff, 0xff, 0xff, 0xff, 0xff, 0xff, 0xff, 0xff,
    0xff, 0xff, 0xff, 0xff, 0xff, 0xff, 0xff, 0xff, 0xff, 0xff, 0xff, 0xff, 0xff, 0xff, 0xff, 0xff,
    0xff, 0xff, 0xff, 0xff, 0xff, 0xff, 0xff, 0xff, 0xff, 0xff, 0xff, 0xff, 0xff, 0xff, 0xff, 0xff,
    0xff, 0xff, 0xff, 0xff, 0xff, 0xff, 0xff, 0xff, 0xff, 0xff, 0xff, 0xff, 0xff, 0xff, 0xff, 0xff,
    0xff, 0xff, 0xff, 0xff, 0xff, 0xff, 0xff, 0xff, 0xff, 0xff, 0xff, 0xff, 0xff, 0xff, 0xff, 0xff,
    0xff, 0xff, 0xff, 0xff, 0xff, 0xff, 0xff, 0xff, 0xff, 0xff, 0xff, 0xff, 0xff, 0xff, 0xff, 0xff,
    0xff, 0xff, 0xff, 0xff, 0xff, 0xff, 0xff, 0xff, 0xff, 0xff, 0xff, 0xff, 0xff, 0xff, 0xff, 0xff,
    0xff, 0xff, 0xff, 0xff, 0xff, 0xff, 0xff, 0xff, 0xff, 0xff, 0xff, 0xff, 0xff, 0xff, 0xff, 0xff,
    0xff, 0xff, 0xff, 0xff, 0xff, 0xff, 0xff, 0xff, 0xff, 0xff, 0xff, 0xff, 0xff, 0xff, 0xff, 0xff,
    0xff, 0xff, 0xff, 0xff, 0xff, 0xff, 0xff, 0xff, 0xff, 0xff, 0xff, 0xff, 0xff, 0xff, 0xff, 0xff,
    0xff, 0xff, 0xff, 0xff, 0xff, 0xff, 0xff, 0xff, 0xff, 0xff, 0xff, 0xff, 0xff, 0xff, 0xff, 0xff,
    0xff, 0xff, 0xff, 0xff, 0xff, 0xff, 0xff, 0xff, 0xff, 0xff, 0xff, 0xff, 0xff, 0xff, 0xff, 0xff,
    0xff, 0xff, 0xff, 0xff, 0xff, 0xff, 0xff, 0xff, 0xff, 0xff, 0xff, 0xff, 0xff, 0xff, 0xff, 0xff,
    0xff, 0xff, 0xff, 0xff, 0xff, 0xff, 0xff, 0xff, 0xff, 0xff, 0xff, 0xff, 0xff, 0xff, 0xff, 0xff,
    0xff, 0xff, 0xff, 0xff, 0xff, 0xff, 0xff, 0xff, 0xff, 0xff, 0xff, 0xff, 0xff, 0xff, 0xff, 0xff,
    0xff, 0xff, 0xff, 0xff, 0xff, 0xff, 0xff, 0xff, 0xff, 0xff, 0xff, 0xff, 0xff, 0xff, 0xff, 0xff,
    0xff, 0xff, 0xff, 0xff, 0xff, 0xff, 0xff, 0xff, 0xff, 0xff, 0xff, 0xff, 0xff, 0xff, 0xff, 0xff,
    0xff, 0xff, 0xff, 0xff, 0xff, 0xff, 0xff, 0xff, 0xff, 0xff, 0xff, 0xff, 0xff, 0xff, 0xff, 0xff,
    0xff, 0xff, 0xff, 0xff, 0xff, 0xff, 0xff, 0xff, 0xff, 0xff, 0xff, 0xff, 0xff, 0xff, 0xff, 0xff,
    0xff, 0xff, 0xff, 0xff, 0xff, 0xff, 0xff, 0xff, 0xff, 0xff, 0xff, 0xff, 0xff, 0xff, 0xff, 0xff,
    0xff, 0xff, 0xff, 0xff, 0xff, 0xff, 0xff, 0xff, 0xff, 0xff, 0xff, 0xff, 0xff, 0xff, 0xff, 0xff,
    0xff, 0xff, 0xff, 0xff, 0xff, 0xff, 0xff, 0xff, 0xff, 0xff, 0xff, 0xff, 0xff, 0xff, 0xff, 0xff,
    0xff, 0xff, 0xff, 0xff, 0xff, 0xff, 0xff, 0xff, 0xff, 0xff, 0xff, 0xff, 0xff, 0xff, 0xff, 0xff,
    0xff, 0xff, 0xff, 0xff, 0xff, 0xff, 0xff, 0xff, 0xff, 0xff, 0xff, 0xff, 0xff, 0xff, 0xff, 0xff,
    0xff, 0xff, 0xff, 0xff, 0xff, 0xff, 0xff, 0xff, 0xff, 0xff, 0xff, 0xff, 0xff, 0xff, 0xff, 0xff,
    0xff, 0xff, 0xff, 0xff, 0xff, 0xff, 0xff, 0xff, 0xff, 0xff, 0xff, 0xff, 0xff, 0xff, 0xff, 0xff,
    0xff, 0xff, 0xff, 0xff, 0xff, 0xff, 0xff, 0xff, 0xff, 0xff, 0xff, 0xff, 0xff, 0xff, 0xff, 0xff,
    0xff, 0xff, 0xff, 0xff, 0xff, 0xff, 0xff, 0xff, 0xff, 0xff, 0xff, 0xff, 0xff, 0xff, 0xff, 0xff,
    0xff, 0xff, 0xff, 0xff, 0xff, 0xff, 0xff, 0xff, 0xff, 0xff, 0xff, 0xff, 0xff, 0xff, 0xff, 0xff,
    0xff, 0xff, 0xff, 0xff, 0xff, 0xff, 0xff, 0xff, 0xff, 0xff, 0xff, 0xff, 0xff, 0xff, 0xff, 0xff,
    0xff, 0xff, 0xff, 0xff, 0xff, 0xff, 0xff, 0xff, 0xff, 0xff, 0xff, 0xff, 0xff, 0xff, 0xff, 0xff,
    0xff, 0xff, 0xff, 0xff, 0xff, 0xff, 0xff, 0xff, 0xff, 0xff, 0xff, 0xff, 0xff, 0xff, 0xff, 0xff,
    0xff, 0xff, 0xff, 0xff, 0xff, 0xff, 0xff, 0xff, 0xff, 0xff, 0xff, 0xff, 0xff, 0xff, 0xff, 0xff,
    0xff, 0xff, 0xff, 0xff, 0xff, 0xff, 0xff, 0xff, 0xff, 0xff, 0xff, 0xff, 0xff, 0xff, 0xff, 0xff,
    0xff, 0xff, 0xff, 0xff, 0xff, 0xff, 0xff, 0xff, 0xff, 0xff, 0xff, 0xff, 0xff, 0xff, 0xff, 0xff,
    0xff, 0xff, 0xff, 0xff, 0xff, 0xff, 0xff, 0xff, 0xff, 0xff, 0xff, 0xff, 0xff, 0xff, 0xff, 0xff,
    0xff, 0xff, 0xff, 0xff, 0xff, 0xff, 0xff, 0xff, 0xff, 0xff, 0xff, 0xff, 0xff, 0xff, 0xff, 0xff,
    0xff, 0xff, 0xff, 0xff, 0xff, 0xff, 0xff, 0xff, 0xff, 0xff, 0xff, 0xff, 0xff, 0xff, 0xff, 0xff,
    0xff, 0xff, 0xff, 0xff, 0xff, 0xff, 0xff, 0xff, 0xff, 0xff, 0xff, 0xff, 0xff, 0xff, 0xff, 0xff,
    0xff, 0xff, 0xff, 0xff, 0xff, 0xff, 0xff, 0xff, 0xff, 0xff, 0xff, 0xff, 0xff, 0xff, 0xff, 0xff,
    0xff, 0xff, 0xff, 0xff, 0xff, 0xff, 0xff, 0xff, 0xff, 0xff, 0xff, 0xff, 0xff, 0xff, 0xff, 0xff,
    0xff, 0xff, 0xff, 0xff, 0xff, 0xff, 0xff, 0xff, 0xff, 0xff, 0xff, 0xff, 0xff, 0xff, 0xff, 0xff,
    0xff, 0xff, 0xff, 0xff, 0xff, 0xff, 0xff, 0xff, 0xff, 0xff, 0xff, 0xff, 0xff, 0xff, 0xff, 0xff,
    0xff, 0xff, 0xff, 0xff, 0xff, 0xff, 0xff, 0xff, 0xff, 0xff, 0xff, 0xff, 0xff, 0xff, 0xff, 0xff,
    0xff, 0xff, 0xff, 0xff, 0xff, 0xff, 0xff, 0xff, 0xff, 0xff, 0xff, 0xff, 0xff, 0xff, 0xff, 0xff,
    0xff, 0xff, 0xff, 0xff, 0xff, 0xff, 0xff, 0xff, 0xff, 0xff, 0xff, 0xff, 0xff, 0xff, 0xff, 0xff,
    0xff, 0xff, 0xff, 0xff, 0xff, 0xff, 0xff, 0xff, 0xff, 0xff, 0xff, 0xff, 0xff, 0xff, 0xff, 0xff,
    0xff, 0xff, 0xff, 0xff, 0xff, 0xff, 0xff, 0xff, 0xff, 0xff, 0xff, 0xff, 0xff, 0xff, 0xff, 0xff,
    0xff, 0xff, 0xff, 0xff, 0xff, 0xff, 0xff, 0xff, 0xff, 0xff, 0xff, 0xff, 0xff, 0xff, 0xff, 0xff,
    0xff, 0xff, 0xff, 0xff, 0xff, 0xff, 0xff, 0xff, 0xff, 0xff, 0xff, 0xff, 0xff, 0xff, 0xff, 0xff,
    0xff, 0xff, 0xff, 0xff, 0xff, 0xff, 0xff, 0xff, 0xff, 0xff, 0xff, 0xff, 0xff, 0xff, 0xff, 0xff,
    0xff, 0xff, 0xff, 0xff, 0xff, 0xff, 0xff, 0xff, 0xff, 0xff, 0xff, 0xff, 0xff, 0xff, 0xff, 0xff,
    0xff, 0xff, 0xff, 0xff, 0xff, 0xff, 0xff, 0xff, 0xff, 0xff, 0xff, 0xff, 0xff, 0xff, 0xff, 0xff,
    0xff, 0xff, 0xff, 0xff, 0xff, 0xff, 0xff, 0xff, 0xff, 0xff, 0xff, 0xff, 0xff, 0xff, 0xff, 0xff,
    0xff, 0xff, 0xff, 0xff, 0xff, 0xff, 0xff, 0xff, 0xff, 0xff, 0xff, 0xff, 0xff, 0xff, 0xff, 0xff,
    0xff, 0xff, 0xff, 0xff, 0xff, 0xff, 0xff, 0xff, 0xff, 0xff, 0xff, 0xff, 0xff, 0xff, 0xff, 0xff,
    0xff, 0xff, 0xff, 0xff, 0xff, 0xff, 0xff, 0xff, 0xff, 0xff, 0xff, 0xff, 0xff, 0xff, 0xff, 0xff,
    0xff, 0xff, 0xff, 0xff, 0xff, 0xff, 0xff, 0xff, 0xff, 0xff, 0xff, 0xff, 0xff, 0xff, 0xff, 0xff,
    0xff, 0xff, 0xff, 0xff, 0xff, 0xff, 0xff, 0xff, 0xff, 0xff, 0xff, 0xff, 0xff, 0xff, 0xff, 0xff,
    0xff, 0xff, 0xff, 0xff, 0xff, 0xff, 0xff, 0xff, 0xff, 0xff, 0xff, 0xff, 0xff, 0xff, 0xff, 0xff,
    0xff, 0xff, 0xff, 0xff, 0xff, 0xff, 0xff, 0xff, 0xff, 0xff, 0xff, 0xff, 0xff, 0xff, 0xff, 0xff,
    0xff, 0xff, 0xff, 0xff, 0xff, 0xff, 0xff, 0xff, 0xff, 0xff, 0xff, 0xff, 0xff, 0xff, 0xff, 0xff,
    0xff, 0xff, 0xff, 0xff, 0xff, 0xff, 0xff, 0xff, 0xff, 0xff, 0xff, 0xff, 0xff, 0xff, 0xff, 0xff,
    0xff, 0xff, 0xff, 0xff, 0xff, 0xff, 0xff, 0xff, 0xff, 0xff, 0xff, 0xff, 0xff, 0xff, 0xff, 0xff,
    0xff, 0xff, 0xff, 0xff, 0xff, 0xff, 0xff, 0xff, 0xff, 0xff, 0xff, 0xff, 0xff, 0xff, 0xff, 0xff,
    0xff, 0xff, 0xff, 0xff, 0xff, 0xff, 0xff, 0xff, 0xff, 0xff, 0xff, 0xff, 0xff, 0xff, 0xff, 0xff,
    0xff, 0xff, 0xff, 0xff, 0xff, 0xff, 0xff, 0xff, 0xff, 0xff, 0xff, 0xff, 0xff, 0xff, 0xff, 0xff,
    0xff, 0xff, 0xff, 0xff, 0xff, 0xff, 0xff, 0xff, 0xff, 0xff, 0xff, 0xff, 0xff, 0xff, 0xff, 0xff,
    0xff, 0xff, 0xff, 0xff, 0xff, 0xff, 0xff, 0xff, 0xff, 0xff, 0xff, 0xff, 0xff, 0xff, 0xff, 0xff,
    0xff, 0xff, 0xff, 0xff, 0xff, 0xff, 0xff, 0xff, 0xff, 0xff, 0xff, 0xff, 0xff, 0xff, 0xff, 0xff,
    0xff, 0xff, 0xff, 0xff, 0xff, 0xff, 0xff, 0xff, 0xff, 0xff, 0xff, 0xff, 0xff, 0xff, 0xff, 0xff,
    0xff, 0xff, 0xff, 0xff, 0xff, 0xff, 0xff, 0xff, 0xff, 0xff, 0xff, 0xff, 0xff, 0xff, 0xff, 0xff,
    0xff, 0xff, 0xff, 0xff, 0xff, 0xff, 0xff, 0xff, 0xff, 0xff, 0xff, 0xff, 0xff, 0xff, 0xff, 0xff,
    0xff, 0xff, 0xff, 0xff, 0xff, 0xff, 0xff, 0xff, 0xff, 0xff, 0xff, 0xff, 0xff, 0xff, 0xff, 0xff,
    0xff, 0xff, 0xff, 0xff, 0xff, 0xff, 0xff, 0xff, 0xff, 0xff, 0xff, 0xff, 0xff, 0xff, 0xff, 0xff,
    0xff, 0xff, 0xff, 0xff, 0xff, 0xff, 0xff, 0xff, 0xff, 0xff, 0xff, 0xff, 0xff, 0xff, 0xff, 0xff,
    0xff, 0xff, 0xff, 0xff, 0xff, 0xff, 0xff, 0xff, 0xff, 0xff, 0xff, 0xff, 0xff, 0xff, 0xff, 0xff,
    0xff, 0xff, 0xff, 0xff, 0xff, 0xff, 0xff, 0xff, 0xff, 0xff, 0xff, 0xff, 0xff, 0xff, 0xff, 0xff,
    0xff, 0xff, 0xff, 0xff, 0xff, 0xff, 0xff, 0xff, 0xff, 0xff, 0xff, 0xff, 0xff, 0xff, 0xff, 0xff,
    0xff, 0xff, 0xff, 0xff, 0xff, 0xff, 0xff, 0xff, 0xff, 0xff, 0xff, 0xff, 0xff, 0xff, 0xff, 0xff,
    0xff, 0xff, 0xff, 0xff, 0xff, 0xff, 0xff, 0xff, 0xff, 0xff, 0xff, 0xff, 0xff, 0xff, 0xff, 0xff,
    0xff, 0xff, 0xff, 0xff, 0xff, 0xff, 0xff, 0xff, 0xff, 0xff, 0xff, 0xff, 0xff, 0xff, 0xff, 0xff,
    0xff, 0xff, 0xff, 0xff, 0xff, 0xff, 0xff, 0xff, 0xff, 0xff, 0xff, 0xff, 0xff, 0xff, 0xff, 0xff,
    0xff, 0xff, 0xff, 0xff, 0xff, 0xff, 0xff, 0xff, 0xff, 0xff, 0xff, 0xff, 0xff, 0xff, 0xff, 0xff,
    0xff, 0xff, 0xff, 0xff, 0xff, 0xff, 0xff, 0xff, 0xff, 0xff, 0xff, 0xff, 0xff, 0xff, 0xff, 0xff,
    0xff, 0xff, 0xff, 0xff, 0xff, 0xff, 0xff, 0xff, 0xff, 0xff, 0xff, 0xff, 0xff, 0xff, 0xff, 0xff,
    0xff, 0xff, 0xff, 0xff, 0xff, 0xff, 0xff, 0xff, 0xff, 0xff, 0xff, 0xff, 0xff, 0xff, 0xff, 0xff,
    0xff, 0xff, 0xff, 0xff, 0xff, 0xff, 0xff, 0xff, 0xff, 0xff, 0xff, 0xff, 0xff, 0xff, 0xff, 0xff,
    0xff, 0xff, 0xff, 0xff, 0xff, 0xff, 0xff, 0xff, 0xff, 0xff, 0xff, 0xff, 0xff, 0xff, 0xff, 0xff,
    0xff, 0xff, 0xff, 0xff, 0xff, 0xff, 0xff, 0xff, 0xff, 0xff, 0xff, 0xff, 0xff, 0xff, 0xff, 0xff,
    0xff, 0xff, 0xff, 0xff, 0xff, 0xff, 0xff, 0xff, 0xff, 0xff, 0xff, 0xff, 0xff, 0xff, 0xff, 0xff,
    0xff, 0xff, 0xff, 0xff, 0xff, 0xff, 0xff, 0xff, 0xff, 0xff, 0xff, 0xff, 0xff, 0xff, 0xff, 0xff,
    0xff, 0xff, 0xff, 0xff, 0xff, 0xff, 0xff, 0xff, 0xff, 0xff, 0xff, 0xff, 0xff, 0xff, 0xff, 0xff,
    0xff, 0xff, 0xff, 0xff, 0xff, 0xff, 0xff, 0xff, 0xff, 0xff, 0xff, 0xff, 0xff, 0xff, 0xff, 0xff,
    0xff, 0xff, 0xff, 0xff, 0xff, 0xff, 0xff, 0xff, 0xff, 0xff, 0xff, 0xff, 0xff, 0xff, 0xff, 0xff,
    0xff, 0xff, 0xff, 0xff, 0xff, 0xff, 0xff, 0xff, 0xff, 0xff, 0xff, 0xff, 0xff, 0xff, 0xff, 0xff,
    0xff, 0xff, 0xff, 0xff, 0xff, 0xff, 0xff, 0xff, 0xff, 0xff, 0xff, 0xff, 0xff, 0xff, 0xff, 0xff,
    0xff, 0xff, 0xff, 0xff, 0xff, 0xff, 0xff, 0xff, 0xff, 0xff, 0xff, 0xff, 0xff, 0xff, 0xff, 0xff,
    0xff, 0xff, 0xff, 0xff, 0xff, 0xff, 0xff, 0xff, 0xff, 0xff, 0xff, 0xff, 0xff, 0xff, 0xff, 0xff,
    0xff, 0xff, 0xff, 0xff, 0xff, 0xff, 0xff, 0xff, 0xff, 0xff, 0xff, 0xff, 0xff, 0xff, 0xff, 0xff,
    0xff, 0xff, 0xff, 0xff, 0xff, 0xff, 0xff, 0xff, 0xff, 0xff, 0xff, 0xff, 0xff, 0xff, 0xff, 0xff,
    0xff, 0xff, 0xff, 0xff, 0xff, 0xff, 0xff, 0xff, 0xff, 0xff, 0xff, 0xff, 0xff, 0xff, 0xff, 0xff,
    0xff, 0xff, 0xff, 0xff, 0xff, 0xff, 0xff, 0xff, 0xff, 0xff, 0xff, 0xff, 0xff, 0xff, 0xff, 0xff,
    0xff, 0xff, 0xff, 0xff, 0xff, 0xff, 0xff, 0xff, 0xff, 0xff, 0xff, 0xff, 0xff, 0xff, 0xff, 0xff,
    0xff, 0xff, 0xff, 0xff, 0xff, 0xff, 0xff, 0xff, 0xff, 0xff, 0xff, 0xff, 0xff, 0xff, 0xff, 0xff,
    0xff, 0xff, 0xff, 0xff, 0xff, 0xff, 0xff, 0xff, 0xff, 0xff, 0xff, 0xff, 0xff, 0xff, 0xff, 0xff,
    0xff, 0xff, 0xff, 0xff, 0xff, 0xff, 0xff, 0xff, 0xff, 0xff, 0xff, 0xff, 0xff, 0xff, 0xff, 0xff,
    0xff, 0xff, 0xff, 0xff, 0xff, 0xff, 0xff, 0xff, 0xff, 0xff, 0xff, 0xff, 0xff, 0xff, 0xff, 0xff,
    0xff, 0xff, 0xff, 0xff, 0xff, 0xff, 0xff, 0xff, 0xff, 0xff, 0xff, 0xff, 0xff, 0xff, 0xff, 0xff,
    0xff, 0xff, 0xff, 0xff, 0xff, 0xff, 0xff, 0xff, 0xff, 0xff, 0xff, 0xff, 0xff, 0xff, 0xff, 0xff,
    0xff, 0xff, 0xff, 0xff, 0xff, 0xff, 0xff, 0xff, 0xff, 0xff, 0xff, 0xff, 0xff, 0xff, 0xff, 0xff,
    0xff, 0xff, 0xff, 0xff, 0xff, 0xff, 0xff, 0xff, 0xff, 0xff, 0xff, 0xff, 0xff, 0xff, 0xff, 0xff,
    0xff, 0xff, 0xff, 0xff, 0xff, 0xff, 0xff, 0xff, 0xff, 0xff, 0xff, 0xff, 0xff, 0xff, 0xff, 0xff,
    0xff, 0xff, 0xff, 0xff, 0xff, 0xff, 0xff, 0xff, 0xff, 0xff, 0xff, 0xff, 0xff, 0xff, 0xff, 0xff,
    0xff, 0xff, 0xff, 0xff, 0xff, 0xff, 0xff, 0xff, 0xff, 0xff, 0xff, 0xff, 0xff, 0xff, 0xff, 0xff,
    0xff, 0xff, 0xff, 0xff, 0xff, 0xff, 0xff, 0xff, 0xff, 0xff, 0xff, 0xff, 0xff, 0xff, 0xff, 0xff,
    0xff, 0xff, 0xff, 0xff, 0xff, 0xff, 0xff, 0xff, 0xff, 0xff, 0xff, 0xff, 0xff, 0xff, 0xff, 0xff,
    0xff, 0xff, 0xff, 0xff, 0xff, 0xff, 0xff, 0xff, 0xff, 0xff, 0xff, 0xff, 0xff, 0xff, 0xff, 0xff,
    0xff, 0xff, 0xff, 0xff, 0xff, 0xff, 0xff, 0xff, 0xff, 0xff, 0xff, 0xff, 0xff, 0xff, 0xff, 0xff,
    0xff, 0xff, 0xff, 0xff, 0xff, 0xff, 0xff, 0xff, 0xff, 0xff, 0xff, 0xff, 0xff, 0xff, 0xff, 0xff,
    0xff, 0xff, 0xff, 0xff, 0xff, 0xff, 0xff, 0xff, 0xff, 0xff, 0xff, 0xff, 0xff, 0xff, 0xff, 0xff,
    0xff, 0xff, 0xff, 0xff, 0xff, 0xff, 0xff, 0xff, 0xff, 0xff, 0xff, 0xff, 0xff, 0xff, 0xff, 0xff,
    0xff, 0xff, 0xff, 0xff, 0xff, 0xff, 0xff, 0xff, 0xff, 0xff, 0xff, 0xff, 0xff, 0xff, 0xff, 0xff,
    0xff, 0xff, 0xff, 0xff, 0xff, 0xff, 0xff, 0xff, 0xff, 0xff, 0xff, 0xff, 0xff, 0xff, 0xff, 0xff,
    0xff, 0xff, 0xff, 0xff, 0xff, 0xff, 0xff, 0xff, 0xff, 0xff, 0xff, 0xff, 0xff, 0xff, 0xff, 0xff,
    0xff, 0xff, 0xff, 0xff, 0xff, 0xff, 0xff, 0xff, 0xff, 0xff, 0xff, 0xff, 0xff, 0xff, 0xff, 0xff,
    0xff, 0xff, 0xff, 0xff, 0xff, 0xff, 0xff, 0xff, 0xff, 0xff, 0xff, 0xff, 0xff, 0xff, 0xff, 0xff,
    0xff, 0xff, 0xff, 0xff, 0xff, 0xff, 0xff, 0xff, 0xff, 0xff, 0xff, 0xff, 0xff, 0xff, 0xff, 0xff,
    0xff, 0xff, 0xff, 0xff, 0xff, 0xff, 0xff, 0xff, 0xff, 0xff, 0xff, 0xff, 0xff, 0xff, 0xff, 0xff,
    0xff, 0xff, 0xff, 0xff, 0xff, 0xff, 0xff, 0xff, 0xff, 0xff, 0xff, 0xff, 0xff, 0xff, 0xff, 0xff,
    0xff, 0xff, 0xff, 0xff, 0xff, 0xff, 0xff, 0xff, 0xff, 0xff, 0xff, 0xff, 0xff, 0xff, 0xff, 0xff,
    0xff, 0xff, 0xff, 0xff, 0xff, 0xff, 0xff, 0xff, 0xff, 0xff, 0xff, 0xff, 0xff, 0xff, 0xff, 0xff,
    0xff, 0xff, 0xff, 0xff, 0xff, 0xff, 0xff, 0xff, 0xff, 0xff, 0xff, 0xff, 0xff, 0xff, 0xff, 0xff,
    0xff, 0xff, 0xff, 0xff, 0xff, 0xff, 0xff, 0xff, 0xff, 0xff, 0xff, 0xff, 0xff, 0xff, 0xff, 0xff,
    0xff, 0xff, 0xff, 0xff, 0xff, 0xff, 0xff, 0xff, 0xff, 0xff, 0xff, 0xff, 0xff, 0xff, 0xff, 0xff,
    0xff, 0xff, 0xff, 0xff, 0xff, 0xff, 0xff, 0xff, 0xff, 0xff, 0xff, 0xff, 0xff, 0xff, 0xff, 0xff,
    0xff, 0xff, 0xff, 0xff, 0xff, 0xff, 0xff, 0xff, 0xff, 0xff, 0xff, 0xff, 0xff, 0xff, 0xff, 0xff,
    0xff, 0xff, 0xff, 0xff, 0xff, 0xff, 0xff, 0xff, 0xff, 0xff, 0xff, 0xff, 0xff, 0xff, 0xff, 0xff,
    0xff, 0xff, 0xff, 0xff, 0xff, 0xff, 0xff, 0xff, 0xff, 0xff, 0xff, 0xff, 0xff, 0xff, 0xff, 0xff,
    0xff, 0xff, 0xff, 0xff, 0xff, 0xff, 0xff, 0xff, 0xff, 0xff, 0xff, 0xff, 0xff, 0xff, 0xff, 0xff,
    0xff, 0xff, 0xff, 0xff, 0xff, 0xff, 0xff, 0xff, 0xff, 0xff, 0xff, 0xff, 0xff, 0xff, 0xff, 0xff,
    0xff, 0xff, 0xff, 0xff, 0xff, 0xff, 0xff, 0xff, 0xff, 0xff, 0xff, 0xff, 0xff, 0xff, 0xff, 0xff,
    0xff, 0xff, 0xff, 0xff, 0xff, 0xff, 0xff, 0xff, 0xff, 0xff, 0xff, 0xff, 0xff, 0xff, 0xff, 0xff,
    0xff, 0xff, 0xff, 0xff, 0xff, 0xff, 0xff, 0xff, 0xff, 0xff, 0xff, 0xff, 0xff, 0xff, 0xff, 0xff,
    0xff, 0xff, 0xff, 0xff, 0xff, 0xff, 0xff, 0xff, 0xff, 0xff, 0xff, 0xff, 0xff, 0xff, 0xff, 0xff,
    0xff, 0xff, 0xff, 0xff, 0xff, 0xff, 0xff, 0xff, 0xff, 0xff, 0xff, 0xff, 0xff, 0xff, 0xff, 0xff,
    0xff, 0xff, 0xff, 0xff, 0xff, 0xff, 0xff, 0xff, 0xff, 0xff, 0xff, 0xff, 0xff, 0xff, 0xff, 0xff,
    0xff, 0xff, 0xff, 0xff, 0xff, 0xff, 0xff, 0xff, 0xff, 0xff, 0xff, 0xff, 0xff, 0xff, 0xff, 0xff,
    0xff, 0xff, 0xff, 0xff, 0xff, 0xff, 0xff, 0xff, 0xff, 0xff, 0xff, 0xff, 0xff, 0xff, 0xff, 0xff,
    0xff, 0xff, 0xff, 0xff, 0xff, 0xff, 0xff, 0xff, 0xff, 0xff, 0xff, 0xff, 0xff, 0xff, 0xff, 0xff,
    0xff, 0xff, 0xff, 0xff, 0xff, 0xff, 0xff, 0xff, 0xff, 0xff, 0xff, 0xff, 0xff, 0xff, 0xff, 0xff,
    0xff, 0xff, 0xff, 0xff, 0xff, 0xff, 0xff, 0xff, 0xff, 0xff, 0xff, 0xff, 0xff, 0xff, 0xff, 0xff,
    0xff, 0xff, 0xff, 0xff, 0xff, 0xff, 0xff, 0xff, 0xff, 0xff, 0xff, 0xff, 0xff, 0xff, 0xff, 0xff,
    0xff, 0xff, 0xff, 0xff, 0xff, 0xff, 0xff, 0xff, 0xff, 0xff, 0xff, 0xff, 0xff, 0xff, 0xff, 0xff,
    0xff, 0xff, 0xff, 0xff, 0xff, 0xff, 0xff, 0xff, 0xff, 0xff, 0xff, 0xff, 0xff, 0xff, 0xff, 0xff,
    0xff, 0xff, 0xff, 0xff, 0xff, 0xff, 0xff, 0xff, 0xff, 0xff, 0xff, 0xff, 0xff, 0xff, 0xff, 0xff,
    0xff, 0xff, 0xff, 0xff, 0xff, 0xff, 0xff, 0xff, 0xff, 0xff, 0xff, 0xff, 0xff, 0xff, 0xff, 0xff,
    0xff, 0xff, 0xff, 0xff, 0xff, 0xff, 0xff, 0xff, 0xff, 0xff, 0xff, 0xff, 0xff, 0xff, 0xff, 0xff,
    0xff, 0xff, 0xff, 0xff, 0xff, 0xff, 0xff, 0xff, 0xff, 0xff, 0xff, 0xff, 0xff, 0xff, 0xff, 0xff,
    0xff, 0xff, 0xff, 0xff, 0xff, 0xff, 0xff, 0xff, 0xff, 0xff, 0xff, 0xff, 0xff, 0xff, 0xff, 0xff,
    0xff, 0xff, 0xff, 0xff, 0xff, 0xff, 0xff, 0xff, 0xff, 0xff, 0xff, 0xff, 0xff, 0xff, 0xff, 0xff,
    0xff, 0xff, 0xff, 0xff, 0xff, 0xff, 0xff, 0xff, 0xff, 0xff, 0xff, 0xff, 0xff, 0xff, 0xff, 0xff,
    0xff, 0xff, 0xff, 0xff, 0xff, 0xff, 0xff, 0xff, 0xff, 0xff, 0xff, 0xff, 0xff, 0xff, 0xff, 0xff,
    0xff, 0xff, 0xff, 0xff, 0xff, 0xff, 0xff, 0xff, 0xff, 0xff, 0xff, 0xff, 0xff, 0xff, 0xff, 0xff,
    0xff, 0xff, 0xff, 0xff, 0xff, 0xff, 0xff, 0xff, 0xff, 0xff, 0xff, 0xff, 0xff, 0xff, 0xff, 0xff,
    0xff, 0xff, 0xff, 0xff, 0xff, 0xff, 0xff, 0xff, 0xff, 0xff, 0xff, 0xff, 0xff, 0xff, 0xff, 0xff,
    0xff, 0xff, 0xff, 0xff, 0xff, 0xff, 0xff, 0xff, 0xff, 0xff, 0xff, 0xff, 0xff, 0xff, 0xff, 0xff,
    0xff, 0xff, 0xff, 0xff, 0xff, 0xff, 0xff, 0xff, 0xff, 0xff, 0xff, 0xff, 0xff, 0xff, 0xff, 0xff,
    0xff, 0xff, 0xff, 0xff, 0xff, 0xff, 0xff, 0xff, 0xff, 0xff, 0xff, 0xff, 0xff, 0xff, 0xff, 0xff,
    0xff, 0xff, 0xff, 0xff, 0xff, 0xff, 0xff, 0xff, 0xff, 0xff, 0xff, 0xff, 0xff, 0xff, 0xff, 0xff,
    0xff, 0xff, 0xff, 0xff, 0xff, 0xff, 0xff, 0xff, 0xff, 0xff, 0xff, 0xff, 0xff, 0xff, 0xff, 0xff,
    0xff, 0xff, 0xff, 0xff, 0xff, 0xff, 0xff, 0xff, 0xff, 0xff, 0xff, 0xff, 0xff, 0xff, 0xff, 0xff,
    0xff, 0xff, 0xff, 0xff, 0xff, 0xff, 0xff, 0xff, 0xff, 0xff, 0xff, 0xff, 0xff, 0xff, 0xff, 0xff,
    0xff, 0xff, 0xff, 0xff, 0xff, 0xff, 0xff, 0xff, 0xff, 0xff, 0xff, 0xff, 0xff, 0xff, 0xff, 0xff,
    0xff, 0xff, 0xff, 0xff, 0xff, 0xff, 0xff, 0xff, 0xff, 0xff, 0xff, 0xff, 0xff, 0xff, 0xff, 0xff,
    0xff, 0xff, 0xff, 0xff, 0xff, 0xff, 0xff, 0xff, 0xff, 0xff, 0xff, 0xff, 0xff, 0xff, 0xff, 0xff,
    0xff, 0xff, 0xff, 0xff, 0xff, 0xff, 0xff, 0xff, 0xff, 0xff, 0xff, 0xff, 0xff, 0xff, 0xff, 0xff,
    0xff, 0xff, 0xff, 0xff, 0xff, 0xff, 0xff, 0xff, 0xff, 0xff, 0xff, 0xff, 0xff, 0xff, 0xff, 0xff,
    0xff, 0xff, 0xff, 0xff, 0xff, 0xff, 0xff, 0xff, 0xff, 0xff, 0xff, 0xff, 0xff, 0xff, 0xff, 0xff,
    0xff, 0xff, 0xff, 0xff, 0xff, 0xff, 0xff, 0xff, 0xff, 0xff, 0xff, 0xff, 0xff, 0xff, 0xff, 0xff,
    0xff, 0xff, 0xff, 0xff, 0xff, 0xff, 0xff, 0xff, 0xff, 0xff, 0xff, 0xff, 0xff, 0xff, 0xff, 0xff,
    0xff, 0xff, 0xff, 0xff, 0xff, 0xff, 0xff, 0xff, 0xff, 0xff, 0xff, 0xff, 0xff, 0xff, 0xff, 0xff,
    0xff, 0xff, 0xff, 0xff, 0xff, 0xff, 0xff, 0xff, 0xff, 0xff, 0xff, 0xff, 0xff, 0xff, 0xff, 0xff,
    0xff, 0xff, 0xff, 0xff, 0xff, 0xff, 0xff, 0xff, 0xff, 0xff, 0xff, 0xff, 0xff, 0xff, 0xff, 0xff,
    0xff, 0xff, 0xff, 0xff, 0xff, 0xff, 0xff, 0xff, 0xff, 0xff, 0xff, 0xff, 0xff, 0xff, 0xff, 0xff,
    0xff, 0xff, 0xff, 0xff, 0xff, 0xff, 0xff, 0xff, 0xff, 0xff, 0xff, 0xff, 0xff, 0xff, 0xff, 0xff,
    0xff, 0xff, 0xff, 0xff, 0xff, 0xff, 0xff, 0xff, 0xff, 0xff, 0xff, 0xff, 0xff, 0xff, 0xff, 0xff,
    0xff, 0xff, 0xff, 0xff, 0xff, 0xff, 0xff, 0xff, 0xff, 0xff, 0xff, 0xff, 0xff, 0xff, 0xff, 0xff,
    0xff, 0xff, 0xff, 0xff, 0xff, 0xff, 0xff, 0xff, 0xff, 0xff, 0xff, 0xff, 0xff, 0xff, 0xff, 0xff,
    0xff, 0xff, 0xff, 0xff, 0xff, 0xff, 0xff, 0xff, 0xff, 0xff, 0xff, 0xff, 0xff, 0xff, 0xff, 0xff,
    0xff, 0xff, 0xff, 0xff, 0xff, 0xff, 0xff, 0xff, 0xff, 0xff, 0xff, 0xff, 0xff, 0xff, 0xff, 0xff,
    0xff, 0xff, 0xff, 0xff, 0xff, 0xff, 0xff, 0xff, 0xff, 0xff, 0xff, 0xff, 0xff, 0xff, 0xff, 0xff,
    0xff, 0xff, 0xff, 0xff, 0xff, 0xff, 0xff, 0xff, 0xff, 0xff, 0xff, 0xff, 0xff, 0xff, 0xff, 0xff,
    0xff, 0xff, 0xff, 0xff, 0xff, 0xff, 0xff, 0xff, 0xff, 0xff, 0xff, 0xff, 0xff, 0xff, 0xff, 0xff,
    0xff, 0xff, 0xff, 0xff, 0xff, 0xff, 0xff, 0xff, 0xff, 0xff, 0xff, 0xff, 0xff, 0xff, 0xff, 0xff,
    0xff, 0xff, 0xff, 0xff, 0xff, 0xff, 0xff, 0xff, 0xff, 0xff, 0xff, 0xff, 0xff, 0xff, 0xff, 0xff,
    0xff, 0xff, 0xff, 0xff, 0xff, 0xff, 0xff, 0xff, 0xff, 0xff, 0xff, 0xff, 0xff, 0xff, 0xff, 0xff,
    0xff, 0xff, 0xff, 0xff, 0xff, 0xff, 0xff, 0xff, 0xff, 0xff, 0xff, 0xff, 0xff, 0xff, 0xff, 0xff,
    0xff, 0xff, 0xff, 0xff, 0xff, 0xff, 0xff, 0xff, 0xff, 0xff, 0xff, 0xff, 0xff, 0xff, 0xff, 0xff,
    0xff, 0xff, 0xff, 0xff, 0xff, 0xff, 0xff, 0xff, 0xff, 0xff, 0xff, 0xff, 0xff, 0xff, 0xff, 0xff,
    0xff, 0xff, 0xff, 0xff, 0xff, 0xff, 0xff, 0xff, 0xff, 0xff, 0xff, 0xff, 0xff, 0xff, 0xff, 0xff,
    0xff, 0xff, 0xff, 0xff, 0xff, 0xff, 0xff, 0xff, 0xff, 0xff, 0xff, 0xff, 0xff, 0xff, 0xff, 0xff,
    0xff, 0xff, 0xff, 0xff, 0xff, 0xff, 0xff, 0xff, 0xff, 0xff, 0xff, 0xff, 0xff, 0xff, 0xff, 0xff,
    0xff, 0xff, 0xff, 0xff, 0xff, 0xff, 0xff, 0xff, 0xff, 0xff, 0xff, 0xff, 0xff, 0xff, 0xff, 0xff,
    0xff, 0xff, 0xff, 0xff, 0xff, 0xff, 0xff, 0xff, 0xff, 0xff, 0xff, 0xff, 0xff, 0xff, 0xff, 0xff,
    0xff, 0xff, 0xff, 0xff, 0xff, 0xff, 0xff, 0xff, 0xff, 0xff, 0xff, 0xff, 0xff, 0xff, 0xff, 0xff,
    0xff, 0xff, 0xff, 0xff, 0xff, 0xff, 0xff, 0xff, 0xff, 0xff, 0xff, 0xff, 0xff, 0xff, 0xff, 0xff,
    0xff, 0xff, 0xff, 0xff, 0xff, 0xff, 0xff, 0xff, 0xff, 0xff, 0xff, 0xff, 0xff, 0xff, 0xff, 0xff,
    0xff, 0xff, 0xff, 0xff, 0xff, 0xff, 0xff, 0xff, 0xff, 0xff, 0xff, 0xff, 0xff, 0xff, 0xff, 0xff,
    0xff, 0xff, 0xff, 0xff, 0xff, 0xff, 0xff, 0xff, 0xff, 0xff, 0xff, 0xff, 0xff, 0xff, 0xff, 0xff,
    0xff, 0xff, 0xff, 0xff, 0xff, 0xff, 0xff, 0xff, 0xff, 0xff, 0xff, 0xff, 0xff, 0xff, 0xff, 0xff,
    0xff, 0xff, 0xff, 0xff, 0xff, 0xff, 0xff, 0xff, 0xff, 0xff, 0xff, 0xff, 0xff, 0xff, 0xff, 0xff,
    0xff, 0xff, 0xff, 0xff, 0xff, 0xff, 0xff, 0xff, 0xff, 0xff, 0xff, 0xff, 0xff, 0xff, 0xff, 0xff,
    0xff, 0xff, 0xff, 0xff, 0xff, 0xff, 0xff, 0xff, 0xff, 0xff, 0xff, 0xff, 0xff, 0xff, 0xff, 0xff,
    0xff, 0xff, 0xff, 0xff, 0xff, 0xff, 0xff, 0xff, 0xff, 0xff, 0xff, 0xff, 0xff, 0xff, 0xff, 0xff,
    0xff, 0xff, 0xff, 0xff, 0xff, 0xff, 0xff, 0xff, 0xff, 0xff, 0xff, 0xff, 0xff, 0xff, 0xff, 0xff,
    0xff, 0xff, 0xff, 0xff, 0xff, 0xff, 0xff, 0xff, 0xff, 0xff, 0xff, 0xff, 0xff, 0xff, 0xff, 0xff,
    0xff, 0xff, 0xff, 0xff, 0xff, 0xff, 0xff, 0xff, 0xff, 0xff, 0xff, 0xff, 0xff, 0xff, 0xff, 0xff,
    0xff, 0xff, 0xff, 0xff, 0xff, 0xff, 0xff, 0xff, 0xff, 0xff, 0xff, 0xff, 0xff, 0xff, 0xff, 0xff,
    0xff, 0xff, 0xff, 0xff, 0xff, 0xff, 0xff, 0xff, 0xff, 0xff, 0xff, 0xff, 0xff, 0xff, 0xff, 0xff,
    0xff, 0xff, 0xff, 0xff, 0xff, 0xff, 0xff, 0xff, 0xff, 0xff, 0xff, 0xff, 0xff, 0xff, 0xff, 0xff,
    0xff, 0xff, 0xff, 0xff, 0xff, 0xff, 0xff, 0xff, 0xff, 0xff, 0xff, 0xff, 0xff, 0xff, 0xff, 0xff,
    0xff, 0xff, 0xff, 0xff, 0xff, 0xff, 0xff, 0xff, 0xff, 0xff, 0xff, 0xff, 0xff, 0xff, 0xff, 0xff,
    0xff, 0xff, 0xff, 0xff, 0xff, 0xff, 0xff, 0xff, 0xff, 0xff, 0xff, 0xff, 0xff, 0xff, 0xff, 0xff,
    0xff, 0xff, 0xff, 0xff, 0xff, 0xff, 0xff, 0xff, 0xff, 0xff, 0xff, 0xff, 0xff, 0xff, 0xff, 0xff,
    0xff, 0xff, 0xff, 0xff, 0xff, 0xff, 0xff, 0xff, 0xff, 0xff, 0xff, 0xff, 0xff, 0xff, 0xff, 0xff,
    0xff, 0xff, 0xff, 0xff, 0xff, 0xff, 0xff, 0xff, 0xff, 0xff, 0xff, 0xff, 0xff, 0xff, 0xff, 0xff,
    0xff, 0xff, 0xff, 0xff, 0xff, 0xff, 0xff, 0xff, 0xff, 0xff, 0xff, 0xff, 0xff, 0xff, 0xff, 0xff,
    0xff, 0xff, 0xff, 0xff, 0xff, 0xff, 0xff, 0xff, 0xff, 0xff, 0xff, 0xff, 0xff, 0xff, 0xff, 0xff,
    0xff, 0xff, 0xff, 0xff, 0xff, 0xff, 0xff, 0xff, 0xff, 0xff, 0xff, 0xff, 0xff, 0xff, 0xff, 0xff,
    0xff, 0xff, 0xff, 0xff, 0xff, 0xff, 0xff, 0xff, 0xff, 0xff, 0xff, 0xff, 0xff, 0xff, 0xff, 0xff,
    0xff, 0xff, 0xff, 0xff, 0xff, 0xff, 0xff, 0xff, 0xff, 0xff, 0xff, 0xff, 0xff, 0xff, 0xff, 0xff,
    0xff, 0xff, 0xff, 0xff, 0xff, 0xff, 0xff, 0xff, 0xff, 0xff, 0xff, 0xff, 0xff, 0xff, 0xff, 0xff,
    0xff, 0xff, 0xff, 0xff, 0xff, 0xff, 0xff, 0xff, 0xff, 0xff, 0xff, 0xff, 0xff, 0xff, 0xff, 0xff,
    0xff, 0xff, 0xff, 0xff, 0xff, 0xff, 0xff, 0xff, 0xff, 0xff, 0xff, 0xff, 0xff, 0xff, 0xff, 0xff,
    0xff, 0xff, 0xff, 0xff, 0xff, 0xff, 0xff, 0xff, 0xff, 0xff, 0xff, 0xff, 0xff, 0xff, 0xff, 0xff,
    0xff, 0xff, 0xff, 0xff, 0xff, 0xff, 0xff, 0xff, 0xff, 0xff, 0xff, 0xff, 0xff, 0xff, 0xff, 0xff,
    0xff, 0xff, 0xff, 0xff, 0xff, 0xff, 0xff, 0xff, 0xff, 0xff, 0xff, 0xff, 0xff, 0xff, 0xff, 0xff,
    0xff, 0xff, 0xff, 0xff, 0xff, 0xff, 0xff, 0xff, 0xff, 0xff, 0xff, 0xff, 0xff, 0xff, 0xff, 0xff,
    0xff, 0xff, 0xff, 0xff, 0xff, 0xff, 0xff, 0xff, 0xff, 0xff, 0xff, 0xff, 0xff, 0xff, 0xff, 0xff,
    0xff, 0xff, 0xff, 0xff, 0xff, 0xff, 0xff, 0xff, 0xff, 0xff, 0xff, 0xff, 0xff, 0xff, 0xff, 0xff,
    0xff, 0xff, 0xff, 0xff, 0xff, 0xff, 0xff, 0xff, 0xff, 0xff, 0xff, 0xff, 0xff, 0xff, 0xff, 0xff,
    0xff, 0xff, 0xff, 0xff, 0xff, 0xff, 0xff, 0xff, 0xff, 0xff, 0xff, 0xff, 0xff, 0xff, 0xff, 0xff,
    0xff, 0xff, 0xff, 0xff, 0xff, 0xff, 0xff, 0xff, 0xff, 0xff, 0xff, 0xff, 0xff, 0xff, 0xff, 0xff,
    0xff, 0xff, 0xff, 0xff, 0xff, 0xff, 0xff, 0xff, 0xff, 0xff, 0xff, 0xff, 0xff, 0xff, 0xff, 0xff,
    0xff, 0xff, 0xff, 0xff, 0xff, 0xff, 0xff, 0xff, 0xff, 0xff, 0xff, 0xff, 0xff, 0xff, 0xff, 0xff,
    0xff, 0xff, 0xff, 0xff, 0xff, 0xff, 0xff, 0xff, 0xff, 0xff, 0xff, 0xff, 0xff, 0xff, 0xff, 0xff,
    0xff, 0xff, 0xff, 0xff, 0xff, 0xff, 0xff, 0xff, 0xff, 0xff, 0xff, 0xff, 0xff, 0xff, 0xff, 0xff,
    0xff, 0xff, 0xff, 0xff, 0xff, 0xff, 0xff, 0xff, 0xff, 0xff, 0xff, 0xff, 0xff, 0xff, 0xff, 0xff,
    0xff, 0xff, 0xff, 0xff, 0xff, 0xff, 0xff, 0xff, 0xff, 0xff, 0xff, 0xff, 0xff, 0xff, 0xff, 0xff,
    0xff, 0xff, 0xff, 0xff, 0xff, 0xff, 0xff, 0xff, 0xff, 0xff, 0xff, 0xff, 0xff, 0xff, 0xff, 0xff,
    0xff, 0xff, 0xff, 0xff, 0xff, 0xff, 0xff, 0xff, 0xff, 0xff, 0xff, 0xff, 0xff, 0xff, 0xff, 0xff,
    0xff, 0xff, 0xff, 0xff, 0xff, 0xff, 0xff, 0xff, 0xff, 0xff, 0xff, 0xff, 0xff, 0xff, 0xff, 0xff,
    0xff, 0xff, 0xff, 0xff, 0xff, 0xff, 0xff, 0xff, 0xff, 0xff, 0xff, 0xff, 0xff, 0xff, 0xff, 0xff,
    0xff, 0xff, 0xff, 0xff, 0xff, 0xff, 0xff, 0xff, 0xff, 0xff, 0xff, 0xff, 0xff, 0xff, 0xff, 0xff,
    0xff, 0xff, 0xff, 0xff, 0xff, 0xff, 0xff, 0xff, 0xff, 0xff, 0xff, 0xff, 0xff, 0xff, 0xff, 0xff,
    0xff, 0xff, 0xff, 0xff, 0xff, 0xff, 0xff, 0xff, 0xff, 0xff, 0xff, 0xff, 0xff, 0xff, 0xff, 0xff,
    0xff, 0xff, 0xff, 0xff, 0xff, 0xff, 0xff, 0xff, 0xff, 0xff, 0xff, 0xff, 0xff, 0xff, 0xff, 0xff,
    0xff, 0xff, 0xff, 0xff, 0xff, 0xff, 0xff, 0xff, 0xff, 0xff, 0xff, 0xff, 0xff, 0xff, 0xff, 0xff,
    0xff, 0xff, 0xff, 0xff, 0xff, 0xff, 0xff, 0xff, 0xff, 0xff, 0xff, 0xff, 0xff, 0xff, 0xff, 0xff,
    0xff, 0xff, 0xff, 0xff, 0xff, 0xff, 0xff, 0xff, 0xff, 0xff, 0xff, 0xff, 0xff, 0xff, 0xff, 0xff,
    0xff, 0xff, 0xff, 0xff, 0xff, 0xff, 0xff, 0xff, 0xff, 0xff, 0xff, 0xff, 0xff, 0xff, 0xff, 0xff,
    0xff, 0xff, 0xff, 0xff, 0xff, 0xff, 0xff, 0xff, 0xff, 0xff, 0xff, 0xff, 0xff, 0xff, 0xff, 0xff,
    0xff, 0xff, 0xff, 0xff, 0xff, 0xff, 0xff, 0xff, 0xff, 0xff, 0xff, 0xff, 0xff, 0xff, 0xff, 0xff,
    0xff, 0xff, 0xff, 0xff, 0xff, 0xff, 0xff, 0xff, 0xff, 0xff, 0xff, 0xff, 0xff, 0xff, 0xff, 0xff,
    0xff, 0xff, 0xff, 0xff, 0xff, 0xff, 0xff, 0xff, 0xff, 0xff, 0xff, 0xff, 0xff, 0xff, 0xff, 0xff,
    0xff, 0xff, 0xff, 0xff, 0xff, 0xff, 0xff, 0xff, 0xff, 0xff, 0xff, 0xff, 0xff, 0xff, 0xff, 0xff,
    0xff, 0xff, 0xff, 0xff, 0xff, 0xff, 0xff, 0xff, 0xff, 0xff, 0xff, 0xff, 0xff, 0xff, 0xff, 0xff,
    0xff, 0xff, 0xff, 0xff, 0xff, 0xff, 0xff, 0xff, 0xff, 0xff, 0xff, 0xff, 0xff, 0xff, 0xff, 0xff,
    0xff, 0xff, 0xff, 0xff, 0xff, 0xff, 0xff, 0xff, 0xff, 0xff, 0xff, 0xff, 0xff, 0xff, 0xff, 0xff,
    0xff, 0xff, 0xff, 0xff, 0xff, 0xff, 0xff, 0xff, 0xff, 0xff, 0xff, 0xff, 0xff, 0xff, 0xff, 0xff,
    0xff, 0xff, 0xff, 0xff, 0xff, 0xff, 0xff, 0xff, 0xff, 0xff, 0xff, 0xff, 0xff, 0xff, 0xff, 0xff,
    0xff, 0xff, 0xff, 0xff, 0xff, 0xff, 0xff, 0xff, 0xff, 0xff, 0xff, 0xff, 0xff, 0xff, 0xff, 0xff,
    0xff, 0xff, 0xff, 0xff, 0xff, 0xff, 0xff, 0xff, 0xff, 0xff, 0xff, 0xff, 0xff, 0xff, 0xff, 0xff,
    0xff, 0xff, 0xff, 0xff, 0xff, 0xff, 0xff, 0xff, 0xff, 0xff, 0xff, 0xff, 0xff, 0xff, 0xff, 0xff,
    0xff, 0xff, 0xff, 0xff, 0xff, 0xff, 0xff, 0xff, 0xff, 0xff, 0xff, 0xff, 0xff, 0xff, 0xff, 0xff,
    0xff, 0xff, 0xff, 0xff, 0xff, 0xff, 0xff, 0xff, 0xff, 0xff, 0xff, 0xff, 0xff, 0xff, 0xff, 0xff,
    0xff, 0xff, 0xff, 0xff, 0xff, 0xff, 0xff, 0xff, 0xff, 0xff, 0xff, 0xff, 0xff, 0xff, 0xff, 0xff,
    0xff, 0xff, 0xff, 0xff, 0xff, 0xff, 0xff, 0xff, 0xff, 0xff, 0xff, 0xff, 0xff, 0xff, 0xff, 0xff,
    0xff, 0xff, 0xff, 0xff, 0xff, 0xff, 0xff, 0xff, 0xff, 0xff, 0xff, 0xff, 0xff, 0xff, 0xff, 0xff,
    0xff, 0xff, 0xff, 0xff, 0xff, 0xff, 0xff, 0xff, 0xff, 0xff, 0xff, 0xff, 0xff, 0xff, 0xff, 0xff,
    0xff, 0xff, 0xff, 0xff, 0xff, 0xff, 0xff, 0xff, 0xff, 0xff, 0xff, 0xff, 0xff, 0xff, 0xff, 0xff,
    0xff, 0xff, 0xff, 0xff, 0xff, 0xff, 0xff, 0xff, 0xff, 0xff, 0xff, 0xff, 0xff, 0xff, 0xff, 0xff,
    0xff, 0xff, 0xff, 0xff, 0xff, 0xff, 0xff, 0xff, 0xff, 0xff, 0xff, 0xff, 0xff, 0xff, 0xff, 0xff,
    0xff, 0xff, 0xff, 0xff, 0xff, 0xff, 0xff, 0xff, 0xff, 0xff, 0xff, 0xff, 0xff, 0xff, 0xff, 0xff,
    0xff, 0xff, 0xff, 0xff, 0xff, 0xff, 0xff, 0xff, 0xff, 0xff, 0xff, 0xff, 0xff, 0xff, 0xff, 0xff,
    0xff, 0xff, 0xff, 0xff, 0xff, 0xff, 0xff, 0xff, 0xff, 0xff, 0xff, 0xff, 0xff, 0xff, 0xff, 0xff,
    0xff, 0xff, 0xff, 0xff, 0xff, 0xff, 0xff, 0xff, 0xff, 0xff, 0xff, 0xff, 0xff, 0xff, 0xff, 0xff,
    0xff, 0xff, 0xff, 0xff, 0xff, 0xff, 0xff, 0xff, 0xff, 0xff, 0xff, 0xff, 0xff, 0xff, 0xff, 0xff,
    0xff, 0xff, 0xff, 0xff, 0xff, 0xff, 0xff, 0xff, 0xff, 0xff, 0xff, 0xff, 0xff, 0xff, 0xff, 0xff,
    0xff, 0xff, 0xff, 0xff, 0xff, 0xff, 0xff, 0xff, 0xff, 0xff, 0xff, 0xff, 0xff, 0xff, 0xff, 0xff,
    0xff, 0xff, 0xff, 0xff, 0xff, 0xff, 0xff, 0xff, 0xff, 0xff, 0xff, 0xff, 0xff, 0xff, 0xff, 0xff,
    0xff, 0xff, 0xff, 0xff, 0xff, 0xff, 0xff, 0xff, 0xff, 0xff, 0xff, 0xff, 0xff, 0xff, 0xff, 0xff,
    0xff, 0xff, 0xff, 0xff, 0xff, 0xff, 0xff, 0xff, 0xff, 0xff, 0xff, 0xff, 0xff, 0xff, 0xff, 0xff,
    0xff, 0xff, 0xff, 0xff, 0xff, 0xff, 0xff, 0xff, 0xff, 0xff, 0xff, 0xff, 0xff, 0xff, 0xff, 0xff,
    0xff, 0xff, 0xff, 0xff, 0xff, 0xff, 0xff, 0xff, 0xff, 0xff, 0xff, 0xff, 0xff, 0xff, 0xff, 0xff,
    0xff, 0xff, 0xff, 0xff, 0xff, 0xff, 0xff, 0xff, 0xff, 0xff, 0xff, 0xff, 0xff, 0xff, 0xff, 0xff,
    0xff, 0xff, 0xff, 0xff, 0xff, 0xff, 0xff, 0xff, 0xff, 0xff, 0xff, 0xff, 0xff, 0xff, 0xff, 0xff,
    0xff, 0xff, 0xff, 0xff, 0xff, 0xff, 0xff, 0xff, 0xff, 0xff, 0xff, 0xff, 0xff, 0xff, 0xff, 0xff,
    0xff, 0xff, 0xff, 0xff, 0xff, 0xff, 0xff, 0xff, 0xff, 0xff, 0xff, 0xff, 0xff, 0xff, 0xff, 0xff,
    0xff, 0xff, 0xff, 0xff, 0xff, 0xff, 0xff, 0xff, 0xff, 0xff, 0xff, 0xff, 0xff, 0xff, 0xff, 0xff,
    0xff, 0xff, 0xff, 0xff, 0xff, 0xff, 0xff, 0xff, 0xff, 0xff, 0xff, 0xff, 0xff, 0xff, 0xff, 0xff,
    0xff, 0xff, 0xff, 0xff, 0xff, 0xff, 0xff, 0xff, 0xff, 0xff, 0xff, 0xff, 0xff, 0xff, 0xff, 0xff,
    0xff, 0xff, 0xff, 0xff, 0xff, 0xff, 0xff, 0xff, 0xff, 0xff, 0xff, 0xff, 0xff, 0xff, 0xff, 0xff,
    0xff, 0xff, 0xff, 0xff, 0xff, 0xff, 0xff, 0xff, 0xff, 0xff, 0xff, 0xff, 0xff, 0xff, 0xff, 0xff,
    0xff, 0xff, 0xff, 0xff, 0xff, 0xff, 0xff, 0xff, 0xff, 0xff, 0xff, 0xff, 0xff, 0xff, 0xff, 0xff,
    0xff, 0xff, 0xff, 0xff, 0xff, 0xff, 0xff, 0xff, 0xff, 0xff, 0xff, 0xff, 0xff, 0xff, 0xff, 0xff,
    0xff, 0xff, 0xff, 0xff, 0xff, 0xff, 0xff, 0xff, 0xff, 0xff, 0xff, 0xff, 0xff, 0xff, 0xff, 0xff,
    0xff, 0xff, 0xff, 0xff, 0xff, 0xff, 0xff, 0xff, 0xff, 0xff, 0xff, 0xff, 0xff, 0xff, 0xff, 0xff,
    0xff, 0xff, 0xff, 0xff, 0xff, 0xff, 0xff, 0xff, 0xff, 0xff, 0xff, 0xff, 0xff, 0xff, 0xff, 0xff,
    0xff, 0xff, 0xff, 0xff, 0xff, 0xff, 0xff, 0xff, 0xff, 0xff, 0xff, 0xff, 0xff, 0xff, 0xff, 0xff,
    0xff, 0xff, 0xff, 0xff, 0xff, 0xff, 0xff, 0xff, 0xff, 0xff, 0xff, 0xff, 0xff, 0xff, 0xff, 0xff,
    0xff, 0xff, 0xff, 0xff, 0xff, 0xff, 0xff, 0xff, 0xff, 0xff, 0xff, 0xff, 0xff, 0xff, 0xff, 0xff,
    0xff, 0xff, 0xff, 0xff, 0xff, 0xff, 0xff, 0xff, 0xff, 0xff, 0xff, 0xff, 0xff, 0xff, 0xff, 0xff,
    0xff, 0xff, 0xff, 0xff, 0xff, 0xff, 0xff, 0xff, 0xff, 0xff, 0xff, 0xff, 0xff, 0xff, 0xff, 0xff,
    0xff, 0xff, 0xff, 0xff, 0xff, 0xff, 0xff, 0xff, 0xff, 0xff, 0xff, 0xff, 0xff, 0xff, 0xff, 0xff,
    0xff, 0xff, 0xff, 0xff, 0xff, 0xff, 0xff, 0xff, 0xff, 0xff, 0xff, 0xff, 0xff, 0xff, 0xff, 0xff,
    0xff, 0xff, 0xff, 0xff, 0xff, 0xff, 0xff, 0xff, 0xff, 0xff, 0xff, 0xff, 0xff, 0xff, 0xff, 0xff,
    0xff, 0xff, 0xff, 0xff, 0xff, 0xff, 0xff, 0xff, 0xff, 0xff, 0xff, 0xff, 0xff, 0xff, 0xff, 0xff,
    0xff, 0xff, 0xff, 0xff, 0xff, 0xff, 0xff, 0xff, 0xff, 0xff, 0xff, 0xff, 0xff, 0xff, 0xff, 0xff,
    0xff, 0xff, 0xff, 0xff, 0xff, 0xff, 0xff, 0xff, 0xff, 0xff, 0xff, 0xff, 0xff, 0xff, 0xff, 0xff,
    0xff, 0xff, 0xff, 0xff, 0xff, 0xff, 0xff, 0xff, 0xff, 0xff, 0xff, 0xff, 0xff, 0xff, 0xff, 0xff,
    0xff, 0xff, 0xff, 0xff, 0xff, 0xff, 0xff, 0xff, 0xff, 0xff, 0xff, 0xff, 0xff, 0xff, 0xff, 0xff,
    0xff, 0xff, 0xff, 0xff, 0xff, 0xff, 0xff, 0xff, 0xff, 0xff, 0xff, 0xff, 0xff, 0xff, 0xff, 0xff,
    0xff, 0xff, 0xff, 0xff, 0xff, 0xff, 0xff, 0xff, 0xff, 0xff, 0xff, 0xff, 0xff, 0xff, 0xff, 0xff,
    0xff, 0xff, 0xff, 0xff, 0xff, 0xff, 0xff, 0xff, 0xff, 0xff, 0xff, 0xff, 0xff, 0xff, 0xff, 0xff,
    0xff, 0xff, 0xff, 0xff, 0xff, 0xff, 0xff, 0xff, 0xff, 0xff, 0xff, 0xff, 0xff, 0xff, 0xff, 0xff,
    0xff, 0xff, 0xff, 0xff, 0xff, 0xff, 0xff, 0xff, 0xff, 0xff, 0xff, 0xff, 0xff, 0xff, 0xff, 0xff,
    0xff, 0xff, 0xff, 0xff, 0xff, 0xff, 0xff, 0xff, 0xff, 0xff, 0xff, 0xff, 0xff, 0xff, 0xff, 0xff,
    0xff, 0xff, 0xff, 0xff, 0xff, 0xff, 0xff, 0xff, 0xff, 0xff, 0xff, 0xff, 0xff, 0xff, 0xff, 0xff,
    0xff, 0xff, 0xff, 0xff, 0xff, 0xff, 0xff, 0xff, 0xff, 0xff, 0xff, 0xff, 0xff, 0xff, 0xff, 0xff,
    0xff, 0xff, 0xff, 0xff, 0xff, 0xff, 0xff, 0xff, 0xff, 0xff, 0xff, 0xff, 0xff, 0xff, 0xff, 0xff,
    0xff, 0xff, 0xff, 0xff, 0xff, 0xff, 0xff, 0xff, 0xff, 0xff, 0xff, 0xff, 0xff, 0xff, 0xff, 0xff,
    0xff, 0xff, 0xff, 0xff, 0xff, 0xff, 0xff, 0xff, 0xff, 0xff, 0xff, 0xff, 0xff, 0xff, 0xff, 0xff,
    0xff, 0xff, 0xff, 0xff, 0xff, 0xff, 0xff, 0xff, 0xff, 0xff, 0xff, 0xff, 0xff, 0xff, 0xff, 0xff,
    0xff, 0xff, 0xff, 0xff, 0xff, 0xff, 0xff, 0xff, 0xff, 0xff, 0xff, 0xff, 0xff, 0xff, 0xff, 0xff,
    0xff, 0xff, 0xff, 0xff, 0xff, 0xff, 0xff, 0xff, 0xff, 0xff, 0xff, 0xff, 0xff, 0xff, 0xff, 0xff,
    0xff, 0xff, 0xff, 0xff, 0xff, 0xff, 0xff, 0xff, 0xff, 0xff, 0xff, 0xff, 0xff, 0xff, 0xff, 0xff,
    0xff, 0xff, 0xff, 0xff, 0xff, 0xff, 0xff, 0xff, 0xff, 0xff, 0xff, 0xff, 0xff, 0xff, 0xff, 0xff,
    0xff, 0xff, 0xff, 0xff, 0xff, 0xff, 0xff, 0xff, 0xff, 0xff, 0xff, 0xff, 0xff, 0xff, 0xff, 0xff,
    0xff, 0xff, 0xff, 0xff, 0xff, 0xff, 0xff, 0xff, 0xff, 0xff, 0xff, 0xff, 0xff, 0xff, 0xff, 0xff,
    0xff, 0xff, 0xff, 0xff, 0xff, 0xff, 0xff, 0xff, 0xff, 0xff, 0xff, 0xff, 0xff, 0xff, 0xff, 0xff,
    0xff, 0xff, 0xff, 0xff, 0xff, 0xff, 0xff, 0xff, 0xff, 0xff, 0xff, 0xff, 0xff, 0xff, 0xff, 0xff,
    0xff, 0xff, 0xff, 0xff, 0xff, 0xff, 0xff, 0xff, 0xff, 0xff, 0xff, 0xff, 0xff, 0xff, 0xff, 0xff,
    0xff, 0xff, 0xff, 0xff, 0xff, 0xff, 0xff, 0xff, 0xff, 0xff, 0xff, 0xff, 0xff, 0xff, 0xff, 0xff,
    0xff, 0xff, 0xff, 0xff, 0xff, 0xff, 0xff, 0xff, 0xff, 0xff, 0xff, 0xff, 0xff, 0xff, 0xff, 0xff,
    0xff, 0xff, 0xff, 0xff, 0xff, 0xff, 0xff, 0xff, 0xff, 0xff, 0xff, 0xff, 0xff, 0xff, 0xff, 0xff,
    0xff, 0xff, 0xff, 0xff, 0xff, 0xff, 0xff, 0xff, 0xff, 0xff, 0xff, 0xff, 0xff, 0xff, 0xff, 0xff,
    0xff, 0xff, 0xff, 0xff, 0xff, 0xff, 0xff, 0xff, 0xff, 0xff, 0xff, 0xff, 0xff, 0xff, 0xff, 0xff,
    0xff, 0xff, 0xff, 0xff, 0xff, 0xff, 0xff, 0xff, 0xff, 0xff, 0xff, 0xff, 0xff, 0xff, 0xff, 0xff,
    0xff, 0xff, 0xff, 0xff, 0xff, 0xff, 0xff, 0xff, 0xff, 0xff, 0xff, 0xff, 0xff, 0xff, 0xff, 0xff,
    0xff, 0xff, 0xff, 0xff, 0xff, 0xff, 0xff, 0xff, 0xff, 0xff, 0xff, 0xff, 0xff, 0xff, 0xff, 0xff,
    0xff, 0xff, 0xff, 0xff, 0xff, 0xff, 0xff, 0xff, 0xff, 0xff, 0xff, 0xff, 0xff, 0xff, 0xff, 0xff,
    0xff, 0xff, 0xff, 0xff, 0xff, 0xff, 0xff, 0xff, 0xff, 0xff, 0xff, 0xff, 0xff, 0xff, 0xff, 0xff,
    0xff, 0xff, 0xff, 0xff, 0xff, 0xff, 0xff, 0xff, 0xff, 0xff, 0xff, 0xff, 0xff, 0xff, 0xff, 0xff,
    0xff, 0xff, 0xff, 0xff, 0xff, 0xff, 0xff, 0xff, 0xff, 0xff, 0xff, 0xff, 0xff, 0xff, 0x33, 0x69,
    0xd6, 0xb4, 0x79, 0x13, 0xe7, 0xff, 0x9c, 0x3a, 0x77, 0xf2, 0xec, 0xe9, 0xf3, 0x27, 0xd0, 0xa0,
    0x42, 0x87, 0x12, 0xfd, 0xff, 0xff, 0x7f, 0xd1, 0xff, 0xff, 0xff, 0xff, 0xff, 0xff, 0xff, 0xff,
    0xff, 0xff, 0x46, 0xff, 0xff, 0xff, 0xff, 0xff, 0xff, 0xff, 0xff, 0xff, 0x8f, 0x22, 0xfd, 0xff,
    0xff, 0xff, 0xff, 0xff, 0xff, 0xff, 0xff, 0xff, 0xff, 0xff, 0xff, 0xff, 0xff, 0xff, 0xff, 0xff,
    0xff, 0xff, 0xff, 0xff, 0xff, 0xff, 0xff, 0xff, 0xff, 0xff, 0xff, 0xff, 0xff, 0xff, 0xff, 0xff,
    0xff, 0xff, 0xff, 0xff, 0xff, 0xff, 0xff, 0xff, 0xff, 0xff, 0xff, 0xff, 0xff, 0xff, 0xff, 0xff,
    0xff, 0xff, 0xff, 0xff, 0xff, 0xff, 0xff, 0xff, 0xff, 0xff, 0xff, 0xff, 0xff, 0xff, 0xff, 0xff,
    0xff, 0xff, 0xff, 0xff, 0xff, 0xff, 0xff, 0xff, 0xff, 0xff, 0xff, 0xff, 0xff, 0xff, 0xff, 0xff,
    0xff, 0xff, 0xff, 0xff, 0xff, 0xff, 0xff, 0xff, 0xff, 0xff, 0xff, 0xff, 0xff, 0xff, 0xff, 0xff,
    0xff, 0xff, 0xff, 0xff, 0xff, 0xff, 0xff, 0xff, 0xff, 0xff, 0xff, 0xff, 0xff, 0xff, 0xff, 0xff,
    0xff, 0x93, 0xfe, 0xff, 0xff, 0xff, 0xff, 0xff, 0xff, 0xff, 0xff, 0xff, 0xff, 0xff, 0xff, 0xff,
    0xff, 0xff, 0xff, 0xff, 0xff, 0xff, 0xff, 0xff, 0xff, 0xff, 0xff, 0xff, 0xff, 0xff, 0xff, 0xff,
    0xff, 0xff, 0xff, 0xff, 0xff, 0xff, 0xff, 0xff, 0xff, 0xff, 0xff, 0xff, 0xff, 0xff, 0xff, 0xff,
    0xff, 0xff, 0xff, 0xff, 0xff, 0xff, 0xff, 0xff, 0xff, 0xff, 0xff, 0xff, 0xff, 0xff, 0xff, 0xff,
    0xff, 0xff, 0xff, 0xff, 0xff, 0xff, 0xff, 0xff, 0xff, 0xff, 0xff, 0xff, 0xff, 0xff, 0xff, 0xff,
    0xff, 0xff, 0xff, 0xff, 0xff, 0xff, 0xff, 0xff, 0xff, 0xff, 0xff, 0xff, 0xff, 0xff, 0xff, 0xff,
    0xff, 0xff, 0xff, 0xff, 0xff, 0xff, 0xff, 0xff, 0xff, 0xff, 0xff, 0xff, 0xff, 0xff, 0xff, 0xff,
    0xff, 0xff, 0xff, 0xff, 0xff, 0xff, 0xff, 0xff, 0xff, 0xff, 0xff, 0xff, 0xff, 0xff, 0xff, 0xff,
    0xff, 0xff, 0xff, 0xff, 0xbf, 0xd2, 0xff, 0xff, 0xff, 0xff, 0xff, 0xff, 0xff, 0xff, 0xff, 0xff,
    0xff, 0xff, 0x2f, 0xfd, 0xff, 0xff, 0xff, 0xff, 0xff, 0xff, 0xff, 0xff, 0xff, 0xff, 0xff, 0xff,
    0xff, 0xff, 0xff, 0xff, 0xff, 0xff, 0xff, 0xff, 0xff, 0xff, 0xff, 0xff, 0xff, 0xff, 0xff, 0xff,
    0xff, 0xff, 0xff, 0xff, 0xff, 0xff, 0xff, 0xff, 0xff, 0xff, 0xff, 0xff, 0xff, 0xff, 0xff, 0xff,
    0xff, 0xff, 0xff, 0xff, 0xff, 0xff, 0xff, 0xff, 0xff, 0xff, 0xff, 0xff, 0xff, 0xff, 0xff, 0xff,
    0xff, 0xff, 0xff, 0xff, 0xff, 0xff, 0xff, 0xff, 0xff, 0xff, 0xff, 0xff, 0xff, 0xff, 0xff, 0xff,
    0xff, 0xff, 0xff, 0xff, 0xff, 0xff, 0xff, 0xff, 0xff, 0xff, 0xff, 0xff, 0xff, 0xff, 0xff, 0xff,
    0xff, 0xff, 0xff, 0xff, 0xff, 0xff, 0xff, 0xff, 0xff, 0xff, 0xff, 0xff, 0xff, 0xff, 0xff, 0xff,
    0xff, 0xff, 0xff, 0xff, 0xff, 0xff, 0xff, 0xff, 0xff, 0xff, 0xff, 0xff, 0xff, 0xff, 0xff, 0xff,
    0xff, 0xff, 0xff, 0xff, 0xff, 0xff, 0xff, 0xff, 0xff, 0xff, 0xff, 0xff, 0xff, 0xff, 0xff, 0xff,
    0xff, 0xff, 0xff, 0xff, 0xff, 0xff, 0xff, 0xff, 0xff, 0xff, 0xff, 0xff, 0xff, 0xff, 0xff, 0xff,
    0xff, 0xff, 0xff, 0xff, 0xff, 0xff, 0xff, 0xff, 0xff, 0xff, 0xff, 0xff, 0xff, 0xff, 0xff, 0xff,
    0xff, 0xff, 0xff, 0xff, 0xff, 0xff, 0xff, 0xff, 0xff, 0xff, 0xff, 0xff, 0xff, 0xff, 0xff, 0xff,
    0xff, 0xff, 0xff, 0xff, 0xff, 0xff, 0xff, 0xff, 0xff, 0xff, 0xff, 0xff, 0xff, 0xff, 0xff, 0xff,
    0xff, 0xff, 0xff, 0xff, 0xff, 0xff, 0xff, 0xff, 0xff, 0xff, 0xff, 0xff, 0xff, 0xff, 0xff, 0xff,
    0xff, 0xff, 0xff, 0xff, 0xff, 0xff, 0xff, 0xff, 0xff, 0xff, 0xff, 0xff, 0xff, 0xff, 0xff, 0xff,
    0xff, 0xff, 0xff, 0xff, 0xff, 0xff, 0xff, 0xff, 0xff, 0xff, 0xff, 0xff, 0xff, 0xff, 0xff, 0xff,
    0xff, 0xff, 0x3f, 0xd3, 0xff, 0xff, 0xff, 0xff, 0xff, 0xff, 0xff, 0xff, 0xff, 0xff, 0xff, 0xff,
    0xff, 0xff, 0xff, 0xff, 0xff, 0xff, 0xff, 0xff, 0x9b, 0x3a, 0xfd, 0xff, 0xff, 0xff, 0xd3, 0xff,
    0xff, 0xff, 0xff, 0xff, 0xff, 0xff, 0xff, 0xff, 0xff, 0xff, 0xff, 0xff, 0xff, 0xff, 0xff, 0xff,
    0xff, 0xff, 0xff, 0xff, 0xff, 0xff, 0xff, 0xff, 0xff, 0xff, 0xff, 0xff, 0xff, 0xff, 0xff, 0xff,
    0xff, 0xff, 0xff, 0xff, 0xff, 0xff, 0xff, 0xff, 0xff, 0xff, 0xff, 0xff, 0xff, 0x50, 0xff, 0xff,
    0xff, 0xff, 0xff, 0xff, 0xff, 0xff, 0xff, 0xff, 0xff, 0xff, 0xff, 0xff, 0xff, 0xff, 0xff, 0xff,
    0xff, 0xff, 0xff, 0xff, 0xff, 0xff, 0xff, 0xff, 0x51, 0xff, 0xff, 0xff, 0x2f, 0x75, 0x2a, 0x00,
    0x00, 0x30, 0x00, 0x0a, 0x20, 0x01, 0x21, 0xf0, 0x02, 0x3e, 0xd0, 0x04, 0x53, 0xe0, 0x05, 0x68,
    0x20, 0x07, 0x7c, 0x20, 0x08, 0x87, 0xc0, 0x08, 0x96, 0x40, 0x0a, 0xac, 0xa0, 0x0b, 0xc7, 0x40,
    0x0d, 0xe2, 0x00, 0x0f, 0xfc, 0xc0, 0x10, 0x1a, 0x11, 0x12, 0x29, 0x41, 0x13, 0x3b, 0x61, 0x14,
    0x52, 0x41, 0x16, 0x73, 0x31, 0x18, 0x92, 0x01, 0x1a, 0xac, 0x81, 0x1b, 0xca, 0x51, 0x1d, 0xdd,
    0x51, 0x1e, 0xf3, 0xd1, 0x1f, 0x0d, 0xa2, 0x21, 0x2a, 0x82, 0x23, 0x4b, 0xb2, 0x25, 0x6b, 0x62,
    0x27, 0x82, 0x12, 0x29, 0xa6, 0x62, 0x2b, 0xc5, 0x12, 0x2d, 0xd9, 0x52, 0x2e, 0xed, 0x42, 0x2f,
    0xf9, 0xf2, 0x2f, 0x0c, 0x93, 0x31, 0x26, 0x33, 0x33, 0x3f, 0x83, 0x34, 0x57, 0x23, 0x36, 0x68,
    0x03, 0x37, 0x7c, 0x33, 0x38, 0x90, 0xa3, 0x39, 0xa7, 0x43, 0x3b, 0xc0, 0x73, 0x3c, 0xd4, 0xe3,
    0x3d, 0xe7, 0x33, 0x3f, 0x03, 0xf4, 0x40, 0x1b, 0x64, 0x42, 0x30, 0x64, 0x43, 0x40, 0x74, 0x44,
    0x4a, 0x04, 0x45, 0x5c, 0xb4, 0x46, 0x78, 0x54, 0x48, 0x8a, 0xd4, 0x49, 0xa2, 0xf4, 0x4a, 0xb5,
    0x14, 0x4c, 0xc7, 0xc4, 0x4c, 0xd9, 0xe4, 0x4d, 0xe6, 0x14, 0x4f, 0xf7, 0xd4, 0x4f, 0x02, 0xb5,
    0x50, 0x14, 0x85, 0x51, 0x1d, 0x25, 0x52, 0x28, 0x45, 0x53, 0x41, 0xe5, 0x54, 0x5b, 0x65, 0x56,
    0x77, 0x85, 0x58, 0x99, 0xb5, 0x5a, 0xbc, 0xe5, 0x5c, 0xdf, 0xf5, 0x5e, 0xfd, 0xc5, 0x60, 0x1c,
    0xb6, 0x62, 0x35, 0xf6, 0x63, 0x49, 0x36, 0x65, 0x65, 0x76, 0x67, 0x8a, 0xd6, 0x69, 0xb0, 0x36,
    0x6c, 0xd5, 0x26, 0x6e, 0xf6, 0x46, 0x70, 0x13, 0x27, 0x72, 0x31, 0x27, 0x74, 0x4e, 0xd7, 0x75,
    0x6c, 0xb7, 0x77, 0x8b, 0xb7, 0x79, 0xab, 0xb7, 0x7b, 0xcd, 0xc7, 0x7d, 0xeb, 0xa7, 0x7f, 0x09,
    0x88, 0x81, 0x20, 0x88, 0x82, 0x30, 0x78, 0x83, 0x46, 0x38, 0x85, 0x63, 0x38, 0x87, 0x83, 0x38,
    0x89, 0xa2, 0xb8, 0x8a, 0xba, 0x68, 0x8c, 0xd2, 0xe8, 0x8d, 0xe9, 0x88, 0x8f, 0x02, 0x09, 0x91,
    0x21, 0x39, 0x93, 0x45, 0x59, 0x95, 0x67, 0x49, 0x97, 0x7a, 0x09, 0x98, 0x85, 0xc9, 0x98, 0x90,
    0x59, 0x99, 0x9a, 0x09, 0x9a, 0xa7, 0xc9, 0x9a, 0xb1, 0x69, 0x9b, 0xbc, 0x19, 0x9c, 0xc7, 0x69,
    0x9d, 0xe6, 0x49, 0x9f, 0x04, 0x5a, 0xa1, 0x1d, 0x6a, 0xa2, 0x2f, 0xda, 0xa3, 0x4b, 0x7a, 0xa5,
    0x68, 0x9a, 0xa7, 0x85, 0x4a, 0xa9, 0xa2, 0x2a, 0xab, 0xbe, 0xda, 0xac, 0xda, 0xaa, 0xae, 0xfa,
    0x7a, 0xb0, 0x18, 0x6b, 0xb2, 0x32, 0xfb, 0xb3, 0x4c, 0xbb, 0xb5, 0x67, 0x5b, 0xb7, 0x84, 0xfb,
    0xb8, 0x9e, 0xdb, 0xba, 0xbd, 0xab, 0xbc, 0xd6, 0x1b, 0xbe, 0xed, 0xbb, 0xbf, 0x0a, 0x9c, 0xc1,
    0x29, 0x8c, 0xc3, 0x48, 0x4c, 0xc5, 0x63, 0xfc, 0xc6, 0x78, 0x5c, 0xc8, 0x91, 0xec, 0xc9, 0xab,
    0x6c, 0xcb, 0xc4, 0x0c, 0xcd, 0xda, 0x6c, 0xce, 0xf1, 0xec, 0xcf, 0x08, 0x4d, 0xd1, 0x21, 0xad,
    0xd2, 0x37, 0x6d, 0xd4, 0x53, 0xed, 0xd5, 0x69, 0x3d, 0xd7, 0x7f, 0xad, 0xd8, 0x96, 0x1d, 0xda,
    0xad, 0xad, 0xdb, 0xc6, 0x6d, 0xdd, 0xe4, 0xfd, 0xde, 0xfb, 0x8d, 0xe0, 0x0f, 0x8e, 0xe1, 0x21,
    0xce, 0xe2, 0x38, 0x4e, 0xe4, 0x53, 0x3e, 0xe6, 0x6e, 0x7e, 0xe7, 0x7f, 0x5e, 0xe8, 0x8a, 0xfe,
    0xe8, 0x93, 0x7e, 0xe9, 0x9c, 0x1e, 0xea, 0xa6, 0xbe, 0xea, 0xb0, 0x5e, 0xeb, 0xba, 0x1e, 0xec,
    0xc8, 0xfe, 0xec, 0xd7, 0x1e, 0xee, 0xed, 0x2e, 0xef, 0xfa, 0xce, 0xf0, 0x17, 0x2f, 0xf2, 0x2f,
    0xef, 0xf3, 0x4d, 0x9f, 0xf5, 0x5e, 0xbf, 0xf6, 0x77, 0xff, 0xf7, 0x8c, 0x7f, 0xf9, 0xff, 0xff,
    0x0c, 0x00, 0x00, 0x00, 0x00, 0xf4, 0x00, 0x00, 0x21, 0x27, 0x1b, 0x31, 0x1b, 0xc0, 0x60, 0x01,
    0x48, 0xf8, 0x00, 0x00, 0x4b, 0x20, 0x06, 0x32, 0x0e, 0x61, 0xd0, 0x01, 0x34, 0x1f, 0x8e, 0xa5,
    0x2f, 0xd3, 0xcc, 0xb9, 0xaa, 0x83, 0x1c, 0x00, 0x20, 0xc0, 0xc1, 0x00, 0x50, 0xf4, 0x00, 0x00,
    0x5c, 0x29, 0x07, 0x3f, 0x08, 0x55, 0x51, 0x15, 0x10, 0x8f, 0xf6, 0x4f, 0x90, 0x5f, 0xa8, 0x4f,
    0x90, 0x2f, 0x89, 0x1f, 0xf0, 0x16, 0x7f, 0x07, 0x3a, 0x80, 0x62, 0x01, 0x48, 0xf8, 0x00, 0x00,
    0x0e, 0x2d, 0x06, 0x46, 0x07, 0x05, 0x88, 0x01, 0x7c, 0x51, 0x21, 0xc0, 0x4f, 0xe6, 0xf2, 0x3c,
    0x92, 0x3c, 0x8f, 0x7d, 0x04, 0xf5, 0xfd, 0x78, 0xc0, 0x07, 0x02, 0x11, 0x80, 0x3f, 0xd3, 0xfe,
    0x3f, 0x1d, 0xa6, 0xf3, 0xeb, 0x7a, 0x50, 0xf2, 0x9c, 0xc3, 0x27, 0x80, 0x32, 0xf0, 0x03, 0x35,
    0x07, 0x05, 0x35, 0x36, 0x35, 0x40, 0x62, 0x01, 0x48, 0xf8, 0x00, 0x00, 0x05, 0x14, 0x00, 0x48,
    0x07, 0x04, 0xa9, 0xcf, 0x00, 0x7e, 0x02, 0x48, 0xaf, 0x6f, 0x60, 0x1c, 0x80, 0x91, 0x4b, 0xba,
    0x64, 0xec, 0x14, 0x78, 0x8f, 0x7f, 0xa2, 0x5c, 0xf6, 0x61, 0xf8, 0x26, 0x50, 0x0e, 0xc0, 0xbd,
    0xda, 0x03, 0xe9, 0x08, 0xf4, 0x5f, 0x07, 0x11, 0x02, 0x00, 0x00, 0x00, 0x3b, 0x80, 0x62, 0x01,
    0x48, 0xf8, 0x00, 0x00, 0x0e, 0x2d, 0x06, 0x34, 0x07, 0x03, 0xaf, 0xf2, 0xaf, 0x04, 0x38, 0xbf,
    0xb9, 0x1f, 0xb0, 0x50, 0x00, 0x2a, 0xbf, 0x29, 0xe8, 0x4f, 0xb0, 0xb4, 0xdf, 0x26, 0xa0, 0x71,
    0xfd, 0x3a, 0x03, 0x48, 0xef, 0x17, 0xd8, 0x8f, 0x8e, 0x30, 0x05, 0x10, 0xfa, 0x9c, 0xfc, 0x41,
    0xf0, 0x2a, 0xff, 0x7b, 0xe0, 0x12, 0x01, 0x00, 0x39, 0x40, 0x62, 0x01, 0x48, 0xf8, 0x00, 0x00,
    0x05, 0x14, 0x02, 0x0f, 0x07, 0x03, 0x18, 0x35, 0x20, 0xfc, 0xdf, 0x06, 0x22, 0x1f, 0x8e, 0x5d,
    0xfa, 0x70, 0x1f, 0x38, 0xfd, 0x1c, 0xf4, 0x82, 0xf7, 0x51, 0x9f, 0xee, 0x9c, 0x0f, 0x22, 0x8f,
    0x0a, 0xd1, 0xaf, 0x00, 0x2a, 0x57, 0xa6, 0x2d, 0xff, 0x31, 0x90, 0xc9, 0x59, 0xc1, 0x72, 0x20,
    0x00, 0x00, 0x00, 0x00, 0x16, 0x00, 0xa1, 0x00, 0x48, 0xf8, 0x00, 0x00, 0x60, 0x1e, 0x02, 0x1d,
    0x18, 0x02, 0x01, 0xff, 0xe8, 0x7f, 0xf2, 0xcf, 0x12, 0x02, 0x11, 0x7f, 0x29, 0x80, 0xc1, 0x01,
    0x50, 0xf8, 0x00, 0x00, 0x66, 0x26, 0x07, 0x0e, 0x05, 0x11, 0x07, 0x1d, 0xc7, 0xf3, 0xbe, 0x35,
    0x80, 0xe5, 0xdf, 0x8a, 0xb9, 0xe8, 0xdf, 0x02, 0xf1, 0xfb, 0x53, 0xa0, 0xe5, 0x0d, 0x50, 0x07,
    0x0c, 0x31, 0x71, 0x50, 0x50, 0xfc, 0xef, 0x01, 0x26, 0x40, 0xc1, 0x01, 0x50, 0xf8, 0x00, 0x00,
    0x62, 0x3c, 0x07, 0x3c, 0x07, 0x05, 0x1d, 0x7f, 0x06, 0x18, 0xcb, 0x00, 0xfb, 0x8e, 0x48, 0x33,
    0x95, 0xff, 0x5f, 0x02, 0x5e, 0x5d, 0xef, 0x2b, 0x05, 0x2a, 0x76, 0x57, 0x31, 0xa0, 0xff, 0xe6,
    0x28, 0xc0, 0x21, 0x01, 0x40, 0xf8, 0x00, 0x00, 0x41, 0x1d, 0x0b, 0x10, 0x07, 0x02, 0xa1, 0x0d,
    0x3f, 0x03, 0x3c, 0xaf, 0x2d, 0xd0, 0xe8, 0x2d, 0x8f, 0xfd, 0x51, 0x68, 0xfd, 0xcd, 0x97, 0x02,
    0x9b, 0x4e, 0x3f, 0x03, 0x3c, 0x05, 0x29, 0x00, 0x26, 0x00, 0x22, 0x01, 0x48, 0xf4, 0x00, 0x00,
    0x7b, 0x14, 0x00, 0x29, 0x02, 0x71, 0x05, 0xae, 0x59, 0xe0, 0x9a, 0x03, 0x41, 0xda, 0x4c, 0x15,
    0x50, 0xaf, 0x01, 0x22, 0xbc, 0x21, 0x03, 0xae, 0x59, 0x10, 0x5a, 0xe0, 0x68, 0x02, 0x08, 0xf1,
    0x16, 0x00, 0xa1, 0x00, 0x10, 0xf8, 0x00, 0x00, 0x6e, 0x1e, 0x2b, 0x22, 0x11, 0x01, 0x1f, 0xf3,
    0xcf, 0xf2, 0xcf, 0x21, 0x11, 0x01, 0x17, 0x00, 0x14, 0xc0, 0x81, 0x00, 0x30, 0xf4, 0x00, 0x00,
    0x99, 0x1d, 0x29, 0x08, 0x07, 0x3f, 0x74, 0x0e, 0x37, 0xfe, 0x6b, 0x00, 0x14, 0x00, 0x81, 0x00,
    0x10, 0xf4, 0x00, 0x00, 0x36, 0x38, 0x24, 0x41, 0x08, 0xb6, 0x07, 0xf9, 0xc9, 0x40, 0x58, 0x03,
    0x26, 0xc0, 0x61, 0x01, 0x48, 0xf8, 0x00, 0x00, 0xa3, 0x1d, 0x02, 0x10, 0x07, 0x07, 0x01, 0x2d,
    0xe9, 0x05, 0x3b, 0xfa, 0x9f, 0x03, 0x4a, 0xfb, 0x8f, 0x21, 0xa0, 0xc5, 0xef, 0x17, 0x03, 0xcc,
    0xdf, 0x66, 0xe0, 0x58, 0x07, 0x0f, 0xfe, 0xcb, 0x38, 0x40, 0x62, 0x01, 0x48, 0xf8, 0x00, 0x00,
    0x0d, 0x1f, 0x00, 0x03, 0x01, 0x59, 0xeb, 0xde, 0x3a, 0x02, 0x9f, 0xf6, 0x58, 0x30, 0xdf, 0x15,
    0x80, 0x72, 0xef, 0x80, 0x2f, 0x04, 0x8a, 0x3f, 0xf8, 0x41, 0xa0, 0xf7, 0x63, 0x9f, 0x03, 0x18,
    0xfd, 0x00, 0xfd, 0x8e, 0x9b, 0xfa, 0x8f, 0x00, 0x2e, 0x4c, 0xff, 0x48, 0xc0, 0x52, 0x45, 0x03,
    0x1f, 0x40, 0x81, 0x21, 0x50, 0xf8, 0x00, 0x00, 0x77, 0x37, 0x07, 0x29, 0x02, 0xaf, 0x07, 0x01,
    0x4d, 0x4f, 0x07, 0x6c, 0xfc, 0x4c, 0xd8, 0x29, 0x70, 0x1f, 0xdf, 0x04, 0x77, 0xe6, 0x16, 0x00,
    0x36, 0x40, 0x62, 0x01, 0x48, 0xf4, 0x00, 0x00, 0x07, 0x01, 0x00, 0x03, 0x01, 0x3b, 0x87, 0x16,
    0x02, 0xaf, 0xf4, 0x48, 0x50, 0xbf, 0x01, 0x86, 0xcf, 0x40, 0x29, 0x00, 0x1d, 0xcf, 0x05, 0xad,
    0x7f, 0x03, 0x4c, 0xfd, 0x3a, 0xc0, 0xf9, 0x5e, 0x03, 0xbc, 0xaf, 0x31, 0xd0, 0xf6, 0x4d, 0xe4,
    0xa0, 0xf6, 0x1e, 0x62, 0xf3, 0x50, 0x2e, 0xff, 0x32, 0x40, 0x62, 0x01, 0x48, 0xf4, 0x00, 0x00,
    0x07, 0x01, 0x00, 0x03, 0x7f, 0x85, 0xad, 0xb0, 0xf5, 0xef, 0x04, 0x9c, 0xdf, 0x21, 0xc0, 0xc1,
    0xaf, 0x04, 0xf3, 0x9f, 0x03, 0xaa, 0x65, 0xfb, 0x6a, 0xe0, 0xfe, 0x06, 0xe8, 0x0f, 0xcc, 0x57,
    0xa6, 0xfb, 0x0a, 0xd6, 0xf3, 0x8f, 0x03, 0x1d, 0x23, 0x03, 0x40, 0x3f, 0x32, 0x40, 0x62, 0x01,
    0x48, 0xf4, 0x00, 0x00, 0x0d, 0x1f, 0x00, 0x18, 0x04, 0x6e, 0x5b, 0xf0, 0x16, 0x4f, 0xf0, 0x23,
    0x3f, 0xe0, 0xe1, 0xf2, 0x03, 0xbb, 0x7f, 0xfd, 0x02, 0x88, 0xaf, 0xd0, 0x1f, 0x80, 0xf5, 0x5f,
    0xf4, 0x7f, 0x1f, 0xf7, 0x9e, 0x33, 0x14, 0xff, 0x55, 0x10, 0x6f, 0x10, 0x13, 0xf0, 0x88, 0xa0,
    0x37, 0x40, 0x62, 0x01, 0x48, 0xf4, 0x00, 0x00, 0x0b, 0x01, 0x02, 0x03, 0x0e, 0x4f, 0xa8, 0x0a,
    0xf1, 0xef, 0xf3, 0x0c, 0xf1, 0x5d, 0xa0, 0xf1, 0x9f, 0x58, 0x02, 0x28, 0xff, 0xfe, 0xef, 0x13,
    0xf0, 0x22, 0xd0, 0xf7, 0x6c, 0xe0, 0xfd, 0x05, 0x18, 0xef, 0x80, 0x69, 0xa5, 0xd6, 0x7f, 0xa0,
    0xf3, 0xee, 0x36, 0xd0, 0x32, 0x31, 0x00, 0x00, 0x38, 0x00, 0x62, 0x01, 0x48, 0xf4, 0x00, 0x00,
    0x20, 0x30, 0x00, 0x03, 0x02, 0x18, 0x75, 0x3a, 0x00, 0x39, 0x8f, 0x03, 0xf9, 0x4c, 0x01, 0x08,
    0xf1, 0x6f, 0x25, 0xe0, 0x50, 0xf4, 0xb8, 0x71, 0xcf, 0x33, 0xbc, 0x9f, 0xf7, 0x25, 0xb0, 0xef,
    0xf6, 0x27, 0x80, 0xef, 0xf2, 0x7f, 0xb5, 0xfb, 0x09, 0xe5, 0xf2, 0xaf, 0x03, 0x2d, 0x13, 0x01,
    0x2d, 0x40, 0x62, 0x01, 0x48, 0xf4, 0x00, 0x00, 0x07, 0x01, 0x00, 0x03, 0x7e, 0x49, 0xd8, 0x0d,
    0x6b, 0x5f, 0xd0, 0xf6, 0x59, 0xd0, 0xfe, 0x41, 0xd0, 0xf7, 0x58, 0x10, 0xfe, 0x41, 0xd0, 0xf7,
    0x58, 0xd0, 0xfe, 0x41, 0xd0, 0xf6, 0x59, 0x10, 0xff, 0x52, 0xe0, 0x32, 0x04, 0x80, 0x1f, 0x80,
    0x3e, 0x40, 0x62, 0x01, 0x48, 0xf4, 0x00, 0x00, 0x22, 0x01, 0x00, 0x03, 0x01, 0x48, 0x87, 0x16,
    0x00, 0xf1, 0x4c, 0x8f, 0x07, 0xf7, 0x1b, 0x40, 0xf1, 0x08, 0xf8, 0x07, 0x10, 0x8e, 0x0f, 0xf2,
    0xdf, 0xfd, 0xfb, 0x06, 0x80, 0xf4, 0x38, 0x60, 0xbf, 0x23, 0xa8, 0xef, 0xb0, 0x3f, 0x02, 0xc8,
    0x1f, 0xf7, 0x6c, 0xa5, 0xf8, 0x0e, 0x80, 0xf3, 0xce, 0x32, 0xd0, 0x32, 0x21, 0x00, 0x00, 0x00,
    0x37, 0x00, 0x62, 0x01, 0x48, 0xf4, 0x00, 0x00, 0x20, 0x30, 0x00, 0x03, 0x01, 0x3c, 0x87, 0x25,
    0xf0, 0x38, 0x8f, 0x2d, 0xf3, 0x1c, 0x81, 0xfb, 0x7a, 0x6f, 0x02, 0xfb, 0x6e, 0x8f, 0x02, 0xf1,
    0x18, 0xff, 0x9a, 0xfd, 0x8f, 0x30, 0xfb, 0xdf, 0xef, 0x04, 0x38, 0xbf, 0x40, 0x65, 0x19, 0x1f,
    0x33, 0x9f, 0x2b, 0x00, 0x35, 0x31, 0xf0, 0x19, 0x1b, 0x00, 0x01, 0x01, 0x40, 0xf4, 0x00, 0x00,
    0x46, 0x1e, 0x14, 0x1d, 0x0b, 0x22, 0x10, 0xf1, 0x11, 0xf1, 0x07, 0x01, 0xc8, 0x0b, 0xf2, 0x1f,
    0xd0, 0x85, 0x60, 0x1a, 0x1e, 0x00, 0x41, 0x01, 0x38, 0xf4, 0x00, 0x00, 0x47, 0x3a, 0x14, 0x4b,
    0x0a, 0xf3, 0x0f, 0x13, 0x7f, 0x80, 0x10, 0xa9, 0x30, 0xff, 0x08, 0xe1, 0x0f, 0xf0, 0xcc, 0x50,
    0x3f, 0x03, 0x00, 0x00, 0x29, 0x40, 0x22, 0x01, 0x40, 0xf4, 0x00, 0x00, 0x5b, 0x2c, 0x14, 0x21,
    0x07, 0x05, 0x3d, 0xfb, 0x03, 0x38, 0xfb, 0x5d, 0x00, 0xc4, 0xfc, 0x5d, 0x03, 0xf1, 0x8f, 0x05,
    0x6b, 0xfe, 0x3b, 0x05, 0x6b, 0xfe, 0x3b, 0x05, 0x6c, 0xfe, 0x61, 0xe0, 0x02, 0x00, 0x00, 0x00,
    0x1b, 0x40, 0x82, 0x00, 0x28, 0xf4, 0x00, 0x00, 0x8e, 0x14, 0x1c, 0x0f, 0x0e, 0x4f, 0xcd, 0x1e,
    0xa0, 0x94, 0xbc, 0x01, 0x4b, 0xc9, 0x2b, 0xe0, 0xd4, 0xee, 0xf2, 0xa3, 0x2a, 0x40, 0x22, 0x01,
    0x40, 0xf4, 0x00, 0x00, 0x09, 0x2c, 0x14, 0x16, 0x07, 0x01, 0xfd, 0x3b, 0x05, 0x6b, 0xfe, 0x3b,
    0x05, 0x6b, 0xfd, 0x3b, 0x05, 0x5c, 0xfd, 0x21, 0x80, 0x71, 0xed, 0x09, 0x30, 0xac, 0xef, 0x37,
    0xd0, 0xdf, 0x56, 0xf0, 0x64, 0x00, 0x00, 0x00, 0x30, 0x40, 0x62, 0x01, 0x48, 0xf8, 0x00, 0x00,
    0x1d, 0x14, 0x18, 0x0f, 0x07, 0x03, 0xfe, 0x7c, 0xd0, 0xf4, 0x73, 0xd0, 0xf6, 0x21, 0x80, 0x47,
    0xa7, 0x71, 0x0f, 0x08, 0xd1, 0x6f, 0xfe, 0x82, 0xf6, 0x02, 0xff, 0x29, 0xc8, 0x09, 0xf3, 0xbd,
    0xff, 0x5b, 0xc0, 0xfa, 0xbf, 0x07, 0x21, 0x06, 0x47, 0xc0, 0x62, 0x01, 0x48, 0xf4, 0x00, 0x00,
    0x0a, 0x03, 0x00, 0x0b, 0x02, 0x4b, 0x77, 0x15, 0x03, 0x2e, 0x4d, 0xff, 0x29, 0xb0, 0xed, 0xda,
    0x2e, 0x8f, 0x09, 0xf6, 0xf7, 0xef, 0xf8, 0xa8, 0x0f, 0xfa, 0x85, 0x4f, 0xf2, 0x68, 0x3f, 0xb8,
    0x6e, 0x3f, 0xf2, 0x88, 0xf7, 0xa2, 0x4f, 0xaf, 0x58, 0x8f, 0xed, 0x60, 0xef, 0xd6, 0xf4, 0x48,
    0x00, 0xfd, 0xba, 0x8a, 0xde, 0xfa, 0x03, 0x91, 0xf5, 0xee, 0x33, 0xc0, 0x21, 0x12, 0x02, 0x00,
    0x3b, 0xc0, 0x62, 0x01, 0x48, 0xf4, 0x00, 0x00, 0x1e, 0x03, 0x00, 0x1a, 0x03, 0x3d, 0x48, 0x07,
    0xcd, 0xdf, 0x06, 0x4f, 0xf2, 0x5f, 0x05, 0xbb, 0x5f, 0xdf, 0x04, 0x39, 0xbf, 0xa0, 0x4f, 0x03,
    0xa9, 0x9f, 0x96, 0xcf, 0x02, 0x2f, 0xf6, 0x3a, 0x00, 0xfa, 0x25, 0x90, 0xf4, 0x0b, 0xf1, 0x4d,
    0xa0, 0xfd, 0x82, 0x6f, 0x04, 0x6b, 0xaf, 0x21, 0x06, 0x2e, 0xd1, 0xaf, 0x3e, 0x80, 0x62, 0x01,
    0x48, 0xf8, 0x00, 0x00, 0x10, 0x05, 0x00, 0x16, 0x5f, 0xb7, 0xdd, 0x82, 0xf7, 0xf8, 0x82, 0x1e,
    0xc1, 0x1c, 0x81, 0xf5, 0x82, 0x0e, 0xb0, 0xb8, 0x00, 0xf3, 0x82, 0x1e, 0x10, 0x1b, 0x80, 0xf3,
    0x72, 0x0e, 0xc0, 0xb8, 0x00, 0xf3, 0x42, 0x8f, 0x67, 0xff, 0x02, 0xf6, 0x01, 0xf2, 0xe8, 0xff,
    0xfd, 0x0b, 0x80, 0x81, 0x17, 0xd4, 0xcf, 0x2f, 0x07, 0x03, 0x00, 0x00, 0x3c, 0x80, 0x62, 0x01,
    0x48, 0xf4, 0x00, 0x00, 0x02, 0x04, 0x00, 0x11, 0x02, 0x5b, 0x77, 0x15, 0x02, 0x38, 0xfe, 0xfe,
    0xef, 0x85, 0x10, 0xee, 0x04, 0x30, 0xda, 0x3f, 0xf7, 0x37, 0xa0, 0xf6, 0xa8, 0x2f, 0x06, 0xbd,
    0x1f, 0x06, 0x9d, 0x4f, 0x03, 0x3a, 0x8f, 0xf5, 0x3b, 0x80, 0xf7, 0x06, 0xfc, 0x5a, 0x4c, 0xf8,
    0x2d, 0xf0, 0x38, 0xef, 0x19, 0x04, 0x11, 0x03, 0x37, 0x80, 0x62, 0x01, 0x48, 0xf8, 0x00, 0x00,
    0x02, 0x04, 0x00, 0x11, 0x5f, 0xb7, 0xbd, 0x82, 0xf7, 0xfc, 0x82, 0x5e, 0xb1, 0xf4, 0x82, 0x5e,
    0xb0, 0xf3, 0x72, 0x5e, 0xa0, 0xf4, 0x62, 0x1f, 0x04, 0x5a, 0x0f, 0xf2, 0x39, 0x80, 0xc1, 0x0b,
    0xa0, 0xaf, 0x4a, 0x63, 0xfe, 0x23, 0xf0, 0x4b, 0xff, 0x46, 0xb0, 0x84, 0x79, 0x22, 0x00, 0x00,
    0x2f, 0x80, 0x62, 0x01, 0x48, 0xf4, 0x00, 0x00, 0x10, 0x05, 0x00, 0x16, 0x5f, 0x86, 0x7c, 0xb0,
    0x5f, 0xbe, 0x0b, 0xfb, 0x61, 0xd0, 0xfb, 0x61, 0xe0, 0xfb, 0xb5, 0x3c, 0xb0, 0x5f, 0xbb, 0x02,
    0xfb, 0x61, 0xd0, 0xfb, 0x61, 0xd0, 0xfb, 0x54, 0xe3, 0xb0, 0xf6, 0xee, 0x70, 0xe2, 0x01, 0x21,
    0x2e, 0x40, 0x62, 0x01, 0x48, 0xf4, 0x00, 0x00, 0x0f, 0x05, 0x00, 0x0f, 0x5f, 0x86, 0xad, 0xfb,
    0xe5, 0xcc, 0xfb, 0x51, 0xd0, 0xfb, 0x51, 0xd0, 0xfb, 0x3c, 0xbb, 0x0d, 0xfb, 0x3c, 0xbb, 0x09,
    0xfb, 0x51, 0xd0, 0xfb, 0x51, 0xd0, 0xfb, 0x51, 0xd0, 0xfd, 0x51, 0x10, 0x62, 0x90, 0x05, 0x1e,
    0x45, 0xc0, 0x62, 0x01, 0x48, 0xf4, 0x00, 0x00, 0x0a, 0x03, 0x00, 0x0b, 0x02, 0x3b, 0x87, 0x47,
    0x03, 0x28, 0xfc, 0xef, 0xff, 0xad, 0x04, 0xe0, 0x6f, 0x02, 0x59, 0xef, 0x61, 0x8f, 0x04, 0x88,
    0x07, 0xfa, 0x03, 0x80, 0x53, 0x65, 0x17, 0xfb, 0x2f, 0x01, 0xf4, 0x3c, 0xfa, 0x23, 0x10, 0xa1,
    0xfa, 0x63, 0x9f, 0x04, 0xa8, 0x3f, 0xd0, 0xbf, 0x15, 0x84, 0xf5, 0x3f, 0x10, 0xe9, 0xf3, 0xed,
    0x1d, 0x03, 0x1d, 0x12, 0x03, 0x00, 0x00, 0x00, 0x2c, 0x80, 0x62, 0x01, 0x48, 0xf8, 0x00, 0x00,
    0x02, 0x04, 0x00, 0x2f, 0x5f, 0xb7, 0xdd, 0xb2, 0xf7, 0xfd, 0x02, 0x12, 0xc1, 0x12, 0x05, 0xb1,
    0x07, 0x0f, 0xb1, 0x07, 0x0f, 0xb1, 0x07, 0x0f, 0xb1, 0x07, 0x0d, 0xbc, 0x04, 0x7f, 0xf7, 0xfd,
    0x83, 0xc7, 0xbe, 0x01, 0x1f, 0x40, 0x61, 0x01, 0x48, 0xf8, 0x00, 0x00, 0x72, 0x0a, 0x00, 0x43,
    0x5e, 0x59, 0xb0, 0xb2, 0x81, 0x5f, 0xcb, 0xfc, 0x82, 0xf7, 0xfc, 0x82, 0x5e, 0xb1, 0xf5, 0x02,
    0x62, 0xe0, 0x02, 0x21, 0x20, 0x80, 0x61, 0x01, 0x48, 0xf8, 0x00, 0x00, 0x2d, 0x22, 0x00, 0x0e,
    0x07, 0x5e, 0x7e, 0xc0, 0x50, 0x1f, 0x07, 0x4d, 0x1f, 0x06, 0x1b, 0xfa, 0xb0, 0xf7, 0x8d, 0x90,
    0xd4, 0xcd, 0x7b, 0x01, 0x37, 0x80, 0x62, 0x01, 0x48, 0xf8, 0x00, 0x00, 0x00, 0x04, 0x00, 0x21,
    0x6f, 0xb7, 0xdd, 0xb2, 0xf7, 0xfd, 0x02, 0x12, 0xdd, 0x3f, 0x12, 0x03, 0x8d, 0xef, 0x06, 0x4a,
    0xdf, 0xcf, 0x31, 0x80, 0xe1, 0x0b, 0xf8, 0x1d, 0x02, 0xc8, 0x1e, 0x00, 0xf7, 0xbe, 0x02, 0xf7,
    0x35, 0xc0, 0xf6, 0x1e, 0x91, 0x05, 0x5c, 0x2f, 0x73, 0xe0, 0x05, 0x00, 0x28, 0x40, 0x62, 0x01,
    0x48, 0xf8, 0x00, 0x00, 0x0e, 0x0c, 0x00, 0x18, 0x6f, 0xb7, 0xdd, 0x91, 0xf7, 0xfd, 0x02, 0x16,
    0x5d, 0x2f, 0x07, 0x4d, 0x2f, 0x07, 0x4d, 0x2f, 0x07, 0x4d, 0x2f, 0x07, 0x4d, 0x2f, 0x07, 0x4d,
    0x2f, 0x07, 0x1d, 0x09, 0x3d, 0x40, 0x63, 0x01, 0x48, 0xf8, 0x00, 0x00, 0x52, 0x23, 0x00, 0x47,
    0x4f, 0x71, 0x85, 0x9b, 0x80, 0xdf, 0xf6, 0x2b, 0xf8, 0xaf, 0x44, 0x59, 0x00, 0xe5, 0x9f, 0x07,
    0x1b, 0xfb, 0x3d, 0x07, 0x6c, 0xff, 0x79, 0xd0, 0xf4, 0x6d, 0xc0, 0xf5, 0x7f, 0x05, 0xac, 0xef,
    0x44, 0xb0, 0xd2, 0xbf, 0x41, 0xc0, 0xf4, 0x9f, 0x25, 0x0e, 0x78, 0xcf, 0x2f, 0xb7, 0xa6, 0xce,
    0x01, 0x00, 0x00, 0x00, 0x33, 0xc0, 0x62, 0x01, 0x48, 0xf8, 0x00, 0x00, 0x8b, 0x03, 0x00, 0x1a,
    0x5f, 0xa7, 0x9d, 0x81, 0xf7, 0xfa, 0x42, 0xff, 0x57, 0x13, 0xc0, 0xe4, 0x6f, 0x07, 0x2c, 0xfe,
    0x79, 0xc0, 0xc1, 0xbf, 0x07, 0x0b, 0xfa, 0x1c, 0x07, 0x8a, 0xef, 0x02, 0x51, 0xb3, 0xf8, 0x1f,
    0x68, 0xcf, 0xfe, 0x42, 0x97, 0xae, 0x01, 0x00, 0x40, 0xc0, 0x62, 0x01, 0x48, 0xf8, 0x00, 0x00,
    0x1e, 0x07, 0x00, 0x1a, 0x02, 0x6b, 0xba, 0x49, 0x03, 0x2e, 0x4d, 0xff, 0x29, 0x80, 0xfc, 0x38,
    0x42, 0xfb, 0x6b, 0x30, 0x6f, 0x04, 0xcb, 0x0d, 0xf6, 0x05, 0x6b, 0x1f, 0xe8, 0x05, 0x4b, 0x2f,
    0xf7, 0x05, 0x5a, 0x1f, 0xf4, 0x44, 0x90, 0xe9, 0x00, 0xee, 0x25, 0xa0, 0xf7, 0x09, 0x40, 0xf5,
    0xde, 0x21, 0x90, 0xa3, 0xfe, 0x8d, 0x11, 0x00, 0x36, 0x80, 0x62, 0x01, 0x48, 0xf8, 0x00, 0x00,
    0x00, 0x05, 0x00, 0x21, 0x5f, 0xb7, 0xdd, 0x82, 0xf7, 0xf8, 0x82, 0x1e, 0x61, 0xff, 0x22, 0x81,
    0x80, 0x0e, 0x50, 0x1f, 0x03, 0x89, 0x0e, 0x50, 0x1f, 0x03, 0x7a, 0x0e, 0x50, 0x4f, 0xa0, 0xf6,
    0x02, 0xe8, 0x04, 0x1a, 0xdf, 0xf9, 0x5a, 0xb0, 0xf6, 0xdf, 0x62, 0xe0, 0x31, 0x06, 0xdf, 0x01,
    0x49, 0xc0, 0x82, 0x01, 0x48, 0xf4, 0x00, 0x00, 0x08, 0x07, 0x06, 0x1a, 0x02, 0x3b, 0x66, 0x15,
    0x03, 0x1e, 0x4b, 0xff, 0x26, 0x80, 0xfd, 0x17, 0x40, 0xfe, 0x4b, 0x60, 0x9f, 0x03, 0x49, 0xcf,
    0xa0, 0x4f, 0x04, 0xea, 0x0f, 0xfb, 0x42, 0x80, 0xfc, 0x91, 0x4f, 0x40, 0x78, 0x01, 0xfe, 0x50,
    0x8f, 0x0a, 0xf9, 0x45, 0xbf, 0x01, 0xb8, 0x9f, 0xf9, 0xec, 0xff, 0x22, 0xf0, 0x38, 0xef, 0x3b,
    0x05, 0x29, 0xfc, 0x9c, 0xda, 0x05, 0x8b, 0xec, 0xad, 0x00, 0x00, 0x00, 0x3f, 0x80, 0x62, 0x01,
    0x48, 0xf8, 0x00, 0x00, 0x02, 0x04, 0x00, 0x11, 0x5f, 0xb7, 0xdd, 0x82, 0xf7, 0xf8, 0x82, 0x1e,
    0x61, 0x8f, 0x12, 0x01, 0x80, 0x0e, 0x0c, 0xf5, 0x31, 0x90, 0xe8, 0x00, 0xf5, 0x35, 0x80, 0xf7,
    0x00, 0xf5, 0x7f, 0x02, 0x58, 0x3f, 0xa0, 0xdf, 0xff, 0x2b, 0x10, 0x8e, 0xfb, 0x19, 0xfb, 0x0d,
    0x08, 0xf5, 0xcf, 0x01, 0xd0, 0xf9, 0x22, 0xf0, 0x41, 0xe0, 0x06, 0xeb, 0x3d, 0x40, 0x62, 0x01,
    0x48, 0xf4, 0x00, 0x00, 0x0f, 0x0c, 0x00, 0x0f, 0x01, 0x3b, 0x87, 0x37, 0x02, 0xa8, 0xff, 0xfe,
    0xaf, 0x80, 0xf3, 0x0b, 0x10, 0xfb, 0x68, 0xf3, 0x1c, 0x00, 0x83, 0x6c, 0x80, 0xff, 0x7c, 0x2f,
    0x03, 0x2a, 0xc8, 0xff, 0x59, 0x90, 0xb1, 0x8f, 0xfa, 0x22, 0x80, 0xf1, 0x5c, 0xdf, 0x46, 0x59,
    0xfa, 0x08, 0xd6, 0xf3, 0x9f, 0x03, 0x1f, 0x21, 0x02, 0x00, 0x00, 0x00, 0x2b, 0x80, 0x62, 0x01,
    0x48, 0xf8, 0x00, 0x00, 0x00, 0x04, 0x00, 0x11, 0x5e, 0x7b, 0xd0, 0x80, 0x7e, 0xd0, 0x80, 0x7e,
    0xd0, 0x80, 0x7e, 0xe0, 0x80, 0xf7, 0xfc, 0x83, 0x7f, 0xdc, 0x81, 0x7e, 0xd0, 0x80, 0x7e, 0xd0,
    0x80, 0x7e, 0xf0, 0x10, 0x76, 0xf0, 0x00, 0x00, 0x2f, 0x80, 0x62, 0x01, 0x48, 0xf8, 0x00, 0x00,
    0x02, 0x04, 0x00, 0x11, 0x5f, 0xb5, 0xab, 0x05, 0x80, 0xf7, 0x6f, 0x01, 0x15, 0x3f, 0xd1, 0x07,
    0x0c, 0xf6, 0x71, 0xd0, 0xf4, 0x72, 0xd0, 0xf4, 0x72, 0xc0, 0xf6, 0x10, 0x35, 0x5b, 0xce, 0x80,
    0xf7, 0x4d, 0x40, 0x95, 0x8e, 0x12, 0x00, 0x00, 0x39, 0xc0, 0x62, 0x01, 0x48, 0xf8, 0x00, 0x00,
    0x0a, 0x03, 0x00, 0x0b, 0x5d, 0x18, 0x07, 0xbb, 0xff, 0x4b, 0x05, 0x28, 0xd7, 0xff, 0x7d, 0x51,
    0x90, 0x93, 0xfe, 0xaf, 0x63, 0xb0, 0xb5, 0xff, 0x42, 0xa0, 0x71, 0xfe, 0x2f, 0x02, 0x4e, 0x2a,
    0x8f, 0x3a, 0x10, 0xd7, 0xff, 0xdd, 0x17, 0x02, 0x9b, 0xff, 0x4a, 0x05, 0x6d, 0x17, 0x07, 0x07,
    0x02, 0x00, 0x00, 0x00, 0x51, 0xc0, 0x63, 0x01, 0x48, 0xf8, 0x00, 0x00, 0x9c, 0x34, 0x00, 0x39,
    0x5d, 0x49, 0x07, 0x9f, 0xf2, 0xbd, 0x26, 0x03, 0x1c, 0xa5, 0x2e, 0xdf, 0x9d, 0x44, 0xd0, 0x73,
    0x2c, 0xff, 0x42, 0xe0, 0x94, 0xf2, 0x2b, 0x10, 0xa5, 0xf2, 0xeb, 0x59, 0x80, 0xf2, 0xdd, 0x38,
    0x03, 0x9b, 0xff, 0x5d, 0x05, 0x3d, 0xe9, 0xf2, 0xbd, 0x16, 0x04, 0x3d, 0xd8, 0xf3, 0x1f, 0x05,
    0x5f, 0xf2, 0x29, 0x00, 0x51, 0xea, 0xf3, 0x1d, 0xc4, 0xf2, 0xe8, 0x6a, 0x01, 0x90, 0xdf, 0x8c,
    0x53, 0xe0, 0x12, 0x07, 0x0f, 0x00, 0x00, 0x00, 0x3f, 0xc0, 0x62, 0x01, 0x48, 0xf8, 0x00, 0x00,
    0x0a, 0x15, 0x00, 0x0b, 0x6e, 0x63, 0xb0, 0x19, 0xfa, 0x45, 0x90, 0xf9, 0x22, 0xfd, 0x26, 0x80,
    0xfb, 0x09, 0x10, 0xfc, 0x8b, 0xc1, 0x7f, 0x04, 0xbf, 0xf2, 0x5f, 0x05, 0x3c, 0xff, 0x5c, 0x90,
    0xf4, 0xbe, 0xdf, 0x21, 0x80, 0xf6, 0x2d, 0x60, 0xef, 0x2a, 0x80, 0xcf, 0x21, 0xa0, 0xf4, 0x1e,
    0xb9, 0x05, 0x3c, 0x2f, 0x71, 0xe0, 0x01, 0x9c, 0x39, 0xc0, 0x82, 0x01, 0x50, 0xf8, 0x00, 0x00,
    0x92, 0x15, 0x07, 0x0b, 0x0d, 0x57, 0x07, 0x01, 0x8d, 0x8f, 0x07, 0x0a, 0xd2, 0xcf, 0x71, 0xb0,
    0xa0, 0xef, 0x73, 0x80, 0x60, 0xff, 0xab, 0xba, 0x2f, 0x04, 0xbf, 0xf4, 0x2f, 0x02, 0x2b, 0xfd,
    0x3a, 0x22, 0x02, 0x4c, 0xff, 0x67, 0xc0, 0xf5, 0x3e, 0x07, 0x8d, 0x1c, 0x07, 0x0e, 0x71, 0x10,
    0x00, 0x00, 0x00, 0x00, 0x2f, 0x80, 0x62, 0x01, 0x48, 0xf4, 0x00, 0x00, 0x10, 0x05, 0x00, 0x16,
    0x6f, 0x86, 0x9d, 0xb0, 0xe4, 0xf2, 0x06, 0xcd, 0x4f, 0x05, 0xbd, 0x5f, 0x05, 0xad, 0x7f, 0x05,
    0x9d, 0x8f, 0x05, 0x7d, 0xaf, 0x05, 0x5d, 0xbf, 0x05, 0x4c, 0xff, 0x44, 0xe3, 0xd0, 0xf7, 0x0e,
    0x71, 0xf2, 0x50, 0x8f, 0x1e, 0x00, 0xa1, 0x01, 0x58, 0xf8, 0x00, 0x00, 0x33, 0x0a, 0x13, 0x22,
    0x3e, 0x7e, 0xcb, 0xcb, 0x41, 0xf1, 0xd6, 0xea, 0x3f, 0xf4, 0x62, 0xa0, 0xf3, 0x33, 0x2f, 0x06,
    0x1d, 0x2f, 0x1f, 0x00, 0x2f, 0x00, 0xa2, 0x01, 0x58, 0xf4, 0x00, 0x00, 0x61, 0x06, 0x13, 0x08,
    0x1e, 0x54, 0xd0, 0xfb, 0x42, 0xd0, 0xf2, 0x5b, 0xd0, 0xf8, 0x44, 0xd0, 0xe1, 0x5c, 0xd0, 0xf7,
    0x55, 0x10, 0x5e, 0xd0, 0xf5, 0x57, 0xd0, 0xfc, 0x41, 0xd0, 0xf4, 0x59, 0xd0, 0xfb, 0x42, 0xd0,
    0xf2, 0x77, 0x00, 0x00, 0x1e, 0x00, 0xa1, 0x01, 0x58, 0xf8, 0x00, 0x00, 0x33, 0x0a, 0x13, 0x22,
    0x3d, 0x1d, 0x06, 0x2a, 0x1c, 0xf4, 0x62, 0xa0, 0xf3, 0x42, 0xdf, 0xc6, 0xeb, 0x2f, 0xe3, 0xd7,
    0xdd, 0x2e, 0x01, 0x14, 0x1c, 0xc0, 0xa1, 0x00, 0x60, 0xf4, 0x00, 0x00, 0x37, 0x12, 0x19, 0x30,
    0x01, 0x1d, 0x6f, 0x02, 0x38, 0xfe, 0x9f, 0x40, 0x9f, 0x2d, 0xf6, 0x8c, 0x2c, 0xe0, 0xc5, 0x06,
    0x14, 0x80, 0x61, 0x00, 0x08, 0xf4, 0x00, 0x00, 0x9e, 0x1b, 0x27, 0x3a, 0x2f, 0x34, 0xef, 0xf3,
    0xde, 0x31, 0xf2, 0xf1, 0x15, 0x00, 0x81, 0x00, 0x60, 0xf4, 0x00, 0x00, 0xa0, 0x32, 0x0e, 0x1f,
    0x48, 0x17, 0x60, 0x9f, 0x80, 0xe0, 0x2f, 0x10, 0x03, 0x00, 0x00, 0x00, 0x33, 0x00, 0x22, 0x01,
    0x38, 0xf4, 0x00, 0x00, 0x0c, 0x01, 0x01, 0x06, 0x01, 0x1c, 0x44, 0x22, 0xf0, 0x3b, 0x8f, 0x0c,
    0xf9, 0x2a, 0x92, 0xf8, 0x36, 0x67, 0xc9, 0x8e, 0x8f, 0xe2, 0xef, 0xbb, 0xf8, 0xa8, 0x5f, 0x00,
    0x85, 0x7c, 0xf9, 0x47, 0xd7, 0xfc, 0x38, 0x2e, 0x8f, 0xfe, 0x07, 0x20, 0x02, 0x1d, 0x13, 0x01,
    0x32, 0x00, 0x62, 0x01, 0x48, 0xf8, 0x00, 0x00, 0x0b, 0x01, 0x02, 0x06, 0xb7, 0xbd, 0x0a, 0xf7,
    0xf1, 0x01, 0x1c, 0xf3, 0x25, 0x81, 0xf7, 0x01, 0x40, 0x2f, 0x02, 0x48, 0x2f, 0x00, 0xf4, 0x23,
    0x80, 0xf5, 0x01, 0x20, 0x9f, 0x02, 0xbe, 0x3e, 0x90, 0xfb, 0xef, 0xff, 0x38, 0xa0, 0x91, 0xed,
    0x7c, 0x01, 0x00, 0x00, 0x32, 0x40, 0x22, 0x01, 0x38, 0xf4, 0x00, 0x00, 0xa2, 0x0c, 0x01, 0x18,
    0x02, 0x3d, 0x24, 0x03, 0x5e, 0x2e, 0x8f, 0x3d, 0x40, 0xff, 0x24, 0x69, 0xef, 0xa1, 0x4f, 0x02,
    0x7a, 0x19, 0xfb, 0x51, 0xd0, 0xf9, 0x24, 0x80, 0xd8, 0x32, 0xdf, 0x36, 0x69, 0xef, 0x00, 0xd5,
    0xf2, 0xbe, 0x32, 0xe0, 0x21, 0x03, 0x00, 0x00, 0x31, 0x00, 0x62, 0x01, 0x48, 0xf8, 0x00, 0x00,
    0x76, 0x06, 0x02, 0x08, 0x03, 0x6b, 0xba, 0x49, 0x04, 0x8f, 0xf4, 0x6f, 0x02, 0x18, 0xbf, 0x12,
    0xd3, 0x2e, 0xd0, 0xf3, 0x23, 0x80, 0xf5, 0x01, 0x40, 0x1f, 0x02, 0x38, 0x2f, 0x32, 0xf5, 0x28,
    0xd3, 0xf7, 0x71, 0x1f, 0xef, 0xb0, 0xa7, 0x7e, 0x00, 0x00, 0x00, 0x00, 0x30, 0x00, 0x22, 0x01,
    0x38, 0xf4, 0x00, 0x00, 0x0c, 0x01, 0x01, 0x06, 0x01, 0x1c, 0x44, 0x22, 0xf0, 0x38, 0x8f, 0x0b,
    0xf5, 0x2b, 0xa2, 0xf8, 0xa8, 0x8f, 0x66, 0xd7, 0xdf, 0x5b, 0xcf, 0x9e, 0x4f, 0x02, 0x38, 0x31,
    0xdf, 0x35, 0xb8, 0xcf, 0x50, 0x2e, 0xef, 0x2b, 0x02, 0x1d, 0x12, 0x01, 0x23, 0x80, 0x61, 0x01,
    0x48, 0xf8, 0x00, 0x00, 0xa4, 0x1b, 0x02, 0x0e, 0x01, 0x4e, 0x6d, 0xc0, 0x72, 0xfc, 0x84, 0x9d,
    0xc0, 0xf7, 0xf9, 0xf2, 0xab, 0x5f, 0x43, 0x5a, 0xf0, 0x67, 0x6f, 0xc0, 0x38, 0x83, 0x06, 0x80,
    0x39, 0x40, 0x42, 0x01, 0x38, 0xf8, 0x00, 0x00, 0x3e, 0x0c, 0x0d, 0x2a, 0x05, 0x18, 0x15, 0x00,
    0x92, 0x88, 0x21, 0xff, 0x0d, 0xe1, 0xf4, 0x98, 0x5f, 0xf6, 0xa5, 0x8f, 0xcf, 0xe0, 0x89, 0x0f,
    0x68, 0xef, 0x0a, 0xad, 0x87, 0x6f, 0xfb, 0xda, 0xe0, 0x9e, 0x28, 0x8f, 0x6a, 0x6f, 0x6f, 0xfb,
    0x8c, 0x07, 0x21, 0xdf, 0x61, 0x35, 0xc0, 0x93, 0x03, 0x00, 0x00, 0x00, 0x29, 0x00, 0x62, 0x01,
    0x48, 0xf8, 0x00, 0x00, 0x29, 0x06, 0x02, 0x10, 0xb7, 0xbd, 0x1d, 0xf7, 0xf1, 0x2a, 0x10, 0xf1,
    0x49, 0x21, 0xd0, 0xf2, 0x73, 0xd0, 0xf4, 0x71, 0xd0, 0xf3, 0x39, 0xf6, 0x38, 0xf0, 0x5c, 0xff,
    0x32, 0xf0, 0x45, 0xf6, 0x00, 0x00, 0x00, 0x00, 0x18, 0xc0, 0x60, 0x01, 0x48, 0xf8, 0x00, 0x00,
    0xb5, 0x39, 0x02, 0x3b, 0xad, 0x3b, 0xb6, 0x1c, 0xfe, 0x65, 0xbf, 0x12, 0x02, 0x51, 0xf2, 0x00,
    0x1d, 0x00, 0xa1, 0x01, 0x50, 0xf8, 0x00, 0x00, 0xb9, 0x3d, 0x04, 0x1d, 0x07, 0x02, 0x8a, 0x07,
    0x33, 0x61, 0xa3, 0xad, 0xf2, 0x5f, 0xf7, 0x8b, 0x92, 0x29, 0x96, 0x7e, 0x00, 0xdc, 0x00, 0xc8,
    0x2f, 0x00, 0x62, 0x01, 0x48, 0xf8, 0x00, 0x00, 0x0b, 0x01, 0x02, 0x06, 0xb7, 0xbd, 0x1d, 0xf7,
    0xf1, 0x2e, 0x20, 0xf1, 0x12, 0x2f, 0x41, 0xc0, 0xfa, 0x4f, 0x05, 0x5a, 0xcf, 0xff, 0x37, 0x80,
    0xf2, 0x0c, 0xe2, 0xaf, 0x02, 0x58, 0x2f, 0x00, 0xc1, 0xbf, 0x02, 0x60, 0x47, 0xe0, 0x1a, 0x00,
    0x19, 0x00, 0x61, 0x01, 0x48, 0xf8, 0x00, 0x00, 0xbb, 0x32, 0x02, 0x1f, 0xb7, 0xbd, 0x07, 0xf7,
    0xf1, 0x1e, 0x60, 0xd1, 0xf4, 0x72, 0xd0, 0x10, 0x00, 0x00, 0x00, 0x00, 0x34, 0x00, 0x23, 0x01,
    0x38, 0xf8, 0x00, 0x00, 0xc0, 0x25, 0x01, 0x42, 0x3e, 0x4d, 0xdb, 0x1d, 0x65, 0xcf, 0x02, 0xcf,
    0x14, 0x0c, 0xf3, 0x53, 0xd0, 0xf4, 0x53, 0xf0, 0x11, 0x3f, 0xce, 0x2f, 0xb0, 0xf1, 0xe3, 0x2c,
    0xf0, 0x59, 0xd0, 0xf3, 0x53, 0xd0, 0xf4, 0x53, 0xf0, 0x62, 0xcf, 0x02, 0xc6, 0xd3, 0xee, 0x01,
    0x27, 0x00, 0x22, 0x01, 0x38, 0xf8, 0x00, 0x00, 0x17, 0x06, 0x01, 0x08, 0x3f, 0xb6, 0x2e, 0x65,
    0xbf, 0x02, 0xec, 0x22, 0x11, 0xd0, 0xf2, 0x55, 0xd0, 0xf4, 0x51, 0xd0, 0xf3, 0x48, 0x14, 0xf0,
    0x5d, 0xcf, 0x03, 0x71, 0x93, 0x8e, 0x01, 0x00, 0x33, 0x40, 0x22, 0x01, 0x38, 0xf4, 0x00, 0x00,
    0x31, 0x01, 0x01, 0x18, 0x02, 0x3d, 0x24, 0x03, 0x6e, 0x2e, 0x8f, 0x1b, 0x40, 0xdf, 0x23, 0x99,
    0xbf, 0xa0, 0x3f, 0x02, 0xca, 0x1f, 0xfb, 0x21, 0xa0, 0xf9, 0x93, 0x4f, 0x02, 0xc8, 0x1f, 0xf2,
    0x6e, 0x94, 0xfa, 0x0a, 0x50, 0x2e, 0xff, 0x48, 0xe0, 0x12, 0x03, 0x00, 0x33, 0x40, 0x42, 0x01,
    0x38, 0xf8, 0x00, 0x00, 0x38, 0x01, 0x01, 0x03, 0x0f, 0x65, 0x5c, 0x56, 0x74, 0xcf, 0x2f, 0xdf,
    0x72, 0xc9, 0x7f, 0x36, 0x3f, 0x02, 0x39, 0x3f, 0x30, 0x3f, 0x02, 0x39, 0x2f, 0x10, 0x9f, 0x02,
    0xbe, 0x2f, 0x90, 0xfa, 0xad, 0xfd, 0x29, 0xe0, 0xb1, 0xf2, 0xaf, 0x06, 0x2e, 0x31, 0x00, 0x00,
    0x2e, 0x00, 0x42, 0x01, 0x38, 0xf8, 0x00, 0x00, 0x39, 0x06, 0x1d, 0x08, 0x01, 0x4b, 0xb9, 0x29,
    0x03, 0x7f, 0xf4, 0x4f, 0x02, 0xf1, 0x38, 0x41, 0xee, 0x00, 0xe2, 0x4f, 0x02, 0x59, 0x2f, 0x30,
    0x3f, 0x02, 0x29, 0x3f, 0x10, 0x9f, 0x32, 0x7b, 0x5f, 0x32, 0xf7, 0xfd, 0xc2, 0xa7, 0x13, 0x02,
    0x1c, 0x40, 0x21, 0x01, 0x38, 0xf8, 0x00, 0x00, 0x3a, 0x1c, 0x01, 0x33, 0x3e, 0x4d, 0xdb, 0x1d,
    0x65, 0xcf, 0x12, 0x8f, 0x14, 0x0c, 0xf4, 0x52, 0xd0, 0xf4, 0x51, 0x00, 0x32, 0x00, 0x22, 0x01,
    0x38, 0xf4, 0x00, 0x00, 0x17, 0x06, 0x01, 0x08, 0x01, 0x38, 0x44, 0x02, 0x10, 0x3c, 0x8f, 0x0b,
    0xf6, 0x18, 0x92, 0xf8, 0x48, 0xef, 0x69, 0x83, 0x25, 0x40, 0xea, 0xff, 0xb8, 0x61, 0x1a, 0x00,
    0x88, 0x9f, 0xf8, 0x4a, 0x83, 0xfc, 0x09, 0x3a, 0xef, 0x1b, 0x02, 0x21, 0x1f, 0x01, 0x00, 0x00,
    0x28, 0x80, 0x61, 0x01, 0x48, 0xf8, 0x00, 0x00, 0x2d, 0x22, 0x00, 0x0e, 0x01, 0x2e, 0x6e, 0xb0,
    0x41, 0xf9, 0x35, 0xd4, 0x01, 0x78, 0x9f, 0x0e, 0x85, 0xfc, 0x29, 0x98, 0xfa, 0x02, 0x50, 0x3f,
    0x90, 0xf3, 0x02, 0x50, 0x3f, 0xd0, 0xe2, 0x01, 0x24, 0x00, 0x22, 0x01, 0x38, 0xf8, 0x00, 0x00,
    0x3b, 0x12, 0x01, 0x10, 0x3f, 0xb5, 0x5d, 0x50, 0xf6, 0x01, 0x14, 0x5d, 0x2f, 0x05, 0x4d, 0x2f,
    0x05, 0x8c, 0x0f, 0x43, 0x1b, 0xef, 0x52, 0xf6, 0x2e, 0x60, 0xf1, 0x00, 0x2d, 0x00, 0x22, 0x01,
    0x38, 0xf8, 0x00, 0x00, 0x0c, 0x01, 0x01, 0x06, 0x3d, 0x29, 0x05, 0x6b, 0xff, 0x5b, 0x03, 0x18,
    0xb5, 0xff, 0x8e, 0x31, 0xa0, 0x71, 0xfc, 0x3f, 0x02, 0x18, 0xc6, 0xfd, 0x02, 0xf4, 0x2a, 0x8f,
    0x49, 0x40, 0xff, 0x7d, 0x1f, 0x02, 0x4d, 0x3c, 0x05, 0x00, 0x00, 0x00, 0x3e, 0x00, 0x23, 0x01,
    0x38, 0xf8, 0x00, 0x00, 0x3c, 0x21, 0x01, 0x3d, 0x5d, 0x4a, 0x05, 0x5a, 0xff, 0xae, 0x35, 0xd0,
    0xa5, 0x2e, 0xef, 0x1c, 0x03, 0x5f, 0xf2, 0x2b, 0x20, 0xc7, 0xf3, 0x18, 0xf5, 0xef, 0x5a, 0x11,
    0xf0, 0x25, 0xdf, 0x6a, 0x21, 0xd0, 0x84, 0x2d, 0xef, 0x1e, 0x03, 0x5f, 0xf2, 0x2b, 0x50, 0xe9,
    0xf2, 0xa8, 0x50, 0xff, 0x9e, 0x24, 0xd0, 0xa3, 0x53, 0x00, 0x00, 0x00, 0x30, 0x00, 0x22, 0x01,
    0x38, 0xf8, 0x00, 0x00, 0x09, 0x01, 0x01, 0x06, 0x3e, 0x47, 0xb0, 0x19, 0xf4, 0x29, 0x80, 0xfb,
    0x02, 0xfb, 0x3c, 0xdd, 0x8f, 0x02, 0x8f, 0xf2, 0x6f, 0x03, 0x6b, 0xff, 0x3e, 0x02, 0x98, 0xcf,
    0xe5, 0x7f, 0x80, 0xf4, 0x0a, 0x10, 0xfc, 0x2d, 0x94, 0x04, 0xae, 0x01, 0x2f, 0x00, 0x42, 0x01,
    0x38, 0xf8, 0x00, 0x00, 0x3d, 0x01, 0x1d, 0x06, 0x2d, 0x29, 0x06, 0x3b, 0xff, 0x2a, 0x02, 0x38,
    0x09, 0xd5, 0xff, 0xca, 0xa4, 0xef, 0x02, 0x5e, 0x2c, 0xef, 0x3b, 0x02, 0x6b, 0xfe, 0x4d, 0x02,
    0x5b, 0xfd, 0x6e, 0x03, 0x3c, 0xff, 0x58, 0xd0, 0x92, 0x61, 0x00, 0x00, 0x2a, 0x00, 0x22, 0x01,
    0x38, 0xf4, 0x00, 0x00, 0x30, 0x06, 0x01, 0x10, 0x3f, 0x55, 0x1e, 0x5e, 0xef, 0x06, 0x12, 0x8d,
    0xbf, 0x03, 0x6d, 0xcf, 0x03, 0x5d, 0xcf, 0x03, 0x5c, 0xdf, 0x21, 0xc0, 0xf4, 0x5f, 0x32, 0x0e,
    0x5d, 0xef, 0x16, 0x34, 0x2e, 0x00, 0x00, 0x00, 0x27, 0xc0, 0xa1, 0x01, 0x58, 0xf8, 0x00, 0x00,
    0x3f, 0x29, 0x13, 0x3e, 0x07, 0x07, 0x07, 0x06, 0x3e, 0x6e, 0xf0, 0x28, 0x2e, 0x2f, 0x8e, 0x06,
    0xf2, 0xab, 0x8a, 0x5f, 0xa2, 0xeb, 0x0f, 0xf6, 0x07, 0x1b, 0x2f, 0x52, 0x07, 0x0d, 0x18, 0x00,
    0x18, 0xc0, 0xa0, 0x01, 0x58, 0xf8, 0x00, 0x00, 0x40, 0x20, 0x09, 0x1f, 0x0f, 0x17, 0x11, 0x2d,
    0x30, 0xf7, 0xf2, 0x3d, 0xa0, 0x77, 0x7d, 0x18, 0x28, 0x80, 0xa1, 0x01, 0x58, 0xf8, 0x00, 0x00,
    0x1b, 0x26, 0x13, 0x0e, 0x07, 0x04, 0x6e, 0x7b, 0xa0, 0xf1, 0x61, 0x3f, 0x11, 0x02, 0x11, 0x5e,
    0x1f, 0x41, 0xff, 0x3d, 0x8f, 0x0b, 0x30, 0x87, 0x98, 0xfa, 0x89, 0x68, 0x61, 0xf0, 0x52, 0x00,
    0x1a, 0x80, 0x62, 0x00, 0x60, 0xf4, 0x00, 0x00, 0x42, 0x36, 0x0e, 0x0b, 0x02, 0x31, 0x05, 0x58,
    0xfd, 0xef, 0x89, 0x8d, 0x0d, 0x9a, 0x53, 0xeb, 0xdd, 0x08, 0x26, 0x00, 0x0c, 0x00, 0x00, 0x00,
    0x00, 0xf4, 0x00, 0x00, 0x21, 0x27, 0x1b, 0x37, 0x16, 0x80, 0x60, 0x01, 0x48, 0xf4, 0x00, 0x00,
    0x43, 0x3b, 0x00, 0x45, 0x6c, 0xc7, 0x1d, 0x13, 0x38, 0xec, 0xcd, 0xd3, 0xe1, 0x41, 0x01, 0x7f,
    0x2d, 0xc0, 0x21, 0x01, 0x38, 0xf4, 0x00, 0x00, 0x44, 0x0e, 0x0d, 0x0d, 0x02, 0x1e, 0x2c, 0x80,
    0xe7, 0xff, 0x08, 0xf6, 0x88, 0xdd, 0x7f, 0xdb, 0x80, 0x1f, 0x47, 0xcc, 0xc5, 0x02, 0xa8, 0xbf,
    0x06, 0x8e, 0x82, 0xfe, 0xca, 0x3f, 0x60, 0xf8, 0x89, 0x02, 0x10, 0x32, 0x00, 0x00, 0x00, 0x00,
    0x39, 0x80, 0x42, 0x01, 0x40, 0xf4, 0x00, 0x00, 0x45, 0x2a, 0x0b, 0x15, 0x03, 0x4d, 0x45, 0x05,
    0xda, 0xdf, 0xdf, 0x21, 0x90, 0xf6, 0x04, 0x93, 0x22, 0xd0, 0xf5, 0x43, 0xf0, 0x69, 0x2f, 0x10,
    0x82, 0xf6, 0x2b, 0x01, 0x10, 0x68, 0x47, 0xec, 0x10, 0xc2, 0xb0, 0xbf, 0xf2, 0x09, 0xf9, 0x91,
    0xef, 0xf4, 0x98, 0x00, 0x32, 0x01, 0xe0, 0x13, 0x01, 0x00, 0x00, 0x00, 0x31, 0x00, 0x22, 0x01,
    0x38, 0xf8, 0x00, 0x00, 0x14, 0x09, 0x0d, 0x1b, 0x88, 0x12, 0x65, 0x03, 0xc9, 0xa1, 0xef, 0xf3,
    0xe8, 0x11, 0x8f, 0x01, 0xb4, 0x7f, 0x30, 0x3e, 0x80, 0x98, 0x20, 0x3f, 0x00, 0x18, 0x7c, 0x50,
    0xff, 0x8d, 0xfc, 0xbf, 0xd0, 0x57, 0xa9, 0x7b, 0xf3, 0x14, 0x05, 0x1e, 0x00, 0x00, 0x00, 0x00,
    0x33, 0x00, 0x42, 0x01, 0x40, 0xf4, 0x00, 0x00, 0x2b, 0x13, 0x0b, 0x09, 0x4e, 0x35, 0x80, 0x37,
    0xf6, 0x06, 0x80, 0xf8, 0x04, 0xfb, 0x42, 0xcf, 0x08, 0x10, 0xe2, 0xdb, 0x00, 0xc9, 0xf2, 0xee,
    0x1c, 0x17, 0x19, 0x1f, 0x89, 0xb6, 0xee, 0xff, 0xee, 0x9f, 0x02, 0xde, 0x5b, 0xe0, 0xbd, 0x05,
    0x3e, 0x22, 0x20, 0xaf, 0x13, 0x80, 0x60, 0x01, 0x48, 0xf8, 0x00, 0x00, 0x48, 0x16, 0x00, 0x17,
    0x8f, 0xe7, 0xed, 0x13, 0x37, 0x3e, 0x10, 0xf5, 0x4a, 0xc0, 0x62, 0x01, 0x48, 0xf4, 0x00, 0x00,
    0x49, 0x31, 0x00, 0x01, 0x01, 0x3e, 0x26, 0xe8, 0x46, 0x02, 0xcd, 0xcf, 0xa2, 0xc9, 0xdf, 0x33,
    0x9f, 0x04, 0x18, 0xae, 0x90, 0xef, 0xdb, 0x58, 0x22, 0x80, 0xf6, 0x8b, 0x98, 0xfb, 0xe8, 0x19,
    0xfa, 0x49, 0x21, 0x80, 0xf5, 0x0b, 0xb6, 0xfe, 0xe8, 0xcb, 0xff, 0x24, 0x12, 0x80, 0x42, 0xa7,
    0xff, 0x94, 0xfe, 0x45, 0xb0, 0xf3, 0x0b, 0x19, 0x2f, 0x1e, 0xef, 0x3d, 0x02, 0x2f, 0x42, 0x3e,
    0x11, 0x00, 0x00, 0x00, 0x14, 0xc0, 0x41, 0x00, 0x40, 0xf4, 0x00, 0x00, 0x4a, 0x11, 0x05, 0x19,
    0xc8, 0x7f, 0xf3, 0x1f, 0xa9, 0x5c, 0xb2, 0x0b, 0x33, 0x40, 0x02, 0x01, 0x38, 0xf8, 0x00, 0x00,
    0x25, 0x18, 0x0c, 0x05, 0x01, 0x7c, 0xbc, 0x25, 0x80, 0xda, 0x76, 0x7e, 0x30, 0xe8, 0xc3, 0x4c,
    0x1f, 0xd8, 0xc7, 0x29, 0x8a, 0x95, 0xf5, 0x10, 0x8e, 0x78, 0x78, 0x7c, 0xb9, 0x8a, 0x45, 0x3d,
    0xa7, 0xe4, 0x18, 0xb0, 0x5c, 0xd5, 0x28, 0xc0, 0xc8, 0x6c, 0x01, 0x00, 0x15, 0xc0, 0xa0, 0x00,
    0x48, 0xf4, 0x00, 0x00, 0x4c, 0x0d, 0x06, 0x2b, 0x08, 0x03, 0xda, 0x9d, 0xbe, 0xcf, 0xfe, 0x10,
    0x02, 0x00, 0x00, 0x00, 0x2f, 0x80, 0x02, 0x01, 0x38, 0xf4, 0x00, 0x00, 0x4d, 0x2a, 0x0d, 0x0c,
    0x03, 0x1b, 0x89, 0xa5, 0x03, 0x58, 0xce, 0xec, 0x04, 0xa0, 0xa1, 0xbe, 0x8e, 0x02, 0x5a, 0xbf,
    0xde, 0x32, 0xa0, 0xe3, 0xdc, 0x5e, 0x05, 0x8a, 0xbe, 0xae, 0x41, 0xa0, 0xc2, 0xcd, 0x6e, 0x05,
    0x5b, 0x33, 0x07, 0x11, 0x18, 0x40, 0x82, 0x00, 0x28, 0xf4, 0x00, 0x00, 0x4e, 0x1f, 0x1c, 0x20,
    0xcf, 0xf6, 0x4f, 0x25, 0x8d, 0x4f, 0x05, 0x5d, 0x4f, 0x06, 0x2e, 0x10, 0x12, 0x00, 0x42, 0x00,
    0x20, 0xf4, 0x00, 0x00, 0x4f, 0x09, 0x21, 0x1b, 0xbf, 0xd5, 0x2e, 0x43, 0xe5, 0x04, 0x00, 0x00,
    0x33, 0x40, 0x02, 0x01, 0x38, 0xf8, 0x00, 0x00, 0x25, 0x18, 0x0c, 0x05, 0x01, 0x7c, 0xbc, 0x25,
    0x80, 0xda, 0x76, 0x7e, 0x30, 0xef, 0x32, 0x58, 0x1f, 0xb8, 0xff, 0xde, 0xad, 0x25, 0x89, 0x7c,
    0x80, 0x87, 0xd9, 0xf8, 0xae, 0x5a, 0xd4, 0x86, 0x05, 0xfb, 0x01, 0xcb, 0x51, 0xde, 0x28, 0xc0,
    0xc8, 0x6c, 0x01, 0x00, 0x13, 0x00, 0x62, 0x00, 0x50, 0xf4, 0x00, 0x00, 0x50, 0x09, 0x04, 0x04,
    0x1f, 0x25, 0x1e, 0x5d, 0xff, 0x79, 0x00, 0x00, 0x1d, 0x80, 0xa1, 0x00, 0x48, 0xf8, 0x00, 0x00,
    0x51, 0x11, 0x06, 0x13, 0x08, 0xc6, 0x09, 0xf2, 0x8d, 0x7f, 0xd5, 0x90, 0x5b, 0xeb, 0xa0, 0x1a,
    0xf2, 0x5a, 0x30, 0x6a, 0x90, 0x5f, 0x2f, 0x17, 0x2c, 0x00, 0x62, 0x01, 0x48, 0xf4, 0x00, 0x00,
    0x07, 0x13, 0x00, 0x09, 0x02, 0x6e, 0x55, 0xe0, 0x89, 0x05, 0x9e, 0x28, 0x80, 0x86, 0xe8, 0x8e,
    0x68, 0xa8, 0xcc, 0xff, 0xcc, 0x29, 0xe0, 0x89, 0x05, 0x9e, 0x58, 0x10, 0x78, 0x20, 0xf0, 0x5d,
    0xff, 0x6c, 0xf2, 0x41, 0x15, 0xc0, 0xa0, 0x00, 0x48, 0xf4, 0x00, 0x00, 0x2a, 0x08, 0x15, 0x0a,
    0x68, 0x09, 0xb9, 0x22, 0x9c, 0xe0, 0x1c, 0x44, 0x00, 0x00, 0x00, 0x00, 0x15, 0xc0, 0xa0, 0x00,
    0x48, 0xf4, 0x00, 0x00, 0x2a, 0x08, 0x15, 0x0a, 0xa8, 0x2e, 0xf7, 0x30, 0x9d, 0x71, 0x1e, 0x24,
    0x00, 0x00, 0x00, 0x00, 0x13, 0x00, 0x61, 0x00, 0x48, 0xf4, 0x00, 0x00, 0x53, 0x41, 0x2e, 0x35,
    0x08, 0x31, 0x12, 0xdd, 0xe4, 0x78, 0x01, 0x11, 0x23, 0xc0, 0x01, 0x01, 0x28, 0xf8, 0x00, 0x00,
    0x54, 0x0f, 0x17, 0x19, 0x5f, 0xd5, 0x8e, 0x24, 0xcb, 0xfe, 0x7b, 0x03, 0x1d, 0x1f, 0x04, 0x2b,
    0x1f, 0x10, 0x42, 0xab, 0x0f, 0x60, 0xf4, 0x2d, 0x10, 0x44, 0x01, 0x00, 0x24, 0x00, 0x42, 0x01,
    0x40, 0xf8, 0x00, 0x00, 0x05, 0x09, 0x05, 0x04, 0x1c, 0xbb, 0x52, 0xc0, 0xf9, 0xaf, 0x05, 0xdc,
    0xff, 0x5e, 0x30, 0x4f, 0xec, 0xfa, 0x77, 0x6f, 0xf7, 0xff, 0xd1, 0x07, 0x0e, 0x74, 0xf0, 0x00,
    0x10, 0x80, 0x60, 0x00, 0x28, 0xf4, 0x00, 0x00, 0x55, 0x16, 0x17, 0x17, 0x3a, 0xe1, 0x65, 0x02,
    0x12, 0xc0, 0x60, 0x00, 0x00, 0xf4, 0x00, 0x00, 0x56, 0x0d, 0x23, 0x2b, 0x38, 0x19, 0xf8, 0x8d,
    0xf9, 0x24, 0x04, 0x10, 0x12, 0x80, 0xa0, 0x00, 0x48, 0xf4, 0x00, 0x00, 0x57, 0x16, 0x15, 0x36,
    0x58, 0xe6, 0x78, 0x78, 0x18, 0x92, 0x3f, 0x00, 0x15, 0xc0, 0xa0, 0x00, 0x48, 0xf4, 0x00, 0x00,
    0x58, 0x08, 0x15, 0x0a, 0x48, 0x09, 0xbb, 0xd3, 0x98, 0xa5, 0x2e, 0x31, 0x00, 0x00, 0x00, 0x00,
    0x2e, 0x40, 0x02, 0x01, 0x38, 0xf4, 0x00, 0x00, 0x59, 0x18, 0x0d, 0x05, 0x7b, 0x58, 0x2b, 0x03,
    0x2a, 0xec, 0xfc, 0x47, 0xa0, 0xf6, 0xdc, 0x3c, 0x03, 0x1a, 0xfb, 0xfb, 0x28, 0x80, 0xd3, 0xcd,
    0x5f, 0x00, 0x98, 0xbe, 0xae, 0x01, 0xb4, 0xce, 0xec, 0x24, 0xc0, 0x45, 0x72, 0x04, 0x00, 0x00,
    0x32, 0x00, 0x42, 0x01, 0x40, 0xf8, 0x00, 0x00, 0x14, 0x09, 0x10, 0x04, 0x3e, 0x18, 0x51, 0xf0,
    0x29, 0x9f, 0x0b, 0x70, 0x0d, 0x21, 0xb2, 0x51, 0x9d, 0x31, 0x80, 0xc2, 0x4c, 0x2c, 0x00, 0x18,
    0xe9, 0x35, 0xfe, 0xa2, 0x50, 0x8e, 0x40, 0xf2, 0xd8, 0x30, 0x01, 0x20, 0xd8, 0xf8, 0x7a, 0xf0,
    0x14, 0x00, 0x00, 0x00, 0x34, 0x00, 0x42, 0x01, 0x40, 0xf8, 0x00, 0x00, 0x14, 0x09, 0x10, 0x1b,
    0x3e, 0x18, 0x51, 0xf0, 0x29, 0x9f, 0x0b, 0x70, 0x0d, 0x21, 0xb2, 0x51, 0x9d, 0x31, 0x80, 0xc2,
    0x5f, 0x50, 0x00, 0x18, 0xe9, 0xe7, 0x63, 0x8f, 0x51, 0x8e, 0x40, 0x3a, 0xe8, 0x1f, 0x13, 0x00,
    0x11, 0xdf, 0xd4, 0x41, 0xb0, 0x21, 0x30, 0x40, 0x34, 0x00, 0x42, 0x01, 0x40, 0xf4, 0x00, 0x00,
    0x2b, 0x13, 0x10, 0x09, 0x78, 0xa9, 0x06, 0x35, 0x80, 0xf4, 0x4f, 0xe1, 0x02, 0x48, 0xfc, 0x96,
    0x08, 0xb0, 0x21, 0xdc, 0x2e, 0xb0, 0xb9, 0xe9, 0x15, 0x23, 0xb0, 0xc5, 0xf2, 0x2c, 0x80, 0x4d,
    0xfe, 0x0c, 0x70, 0x9e, 0x2a, 0x8f, 0x07, 0x1d, 0x21, 0xd9, 0x1f, 0x07, 0x2b, 0xc0, 0x41, 0x01,
    0x40, 0xf8, 0x00, 0x00, 0x5a, 0x0f, 0x05, 0x1c, 0x04, 0x1c, 0xca, 0x55, 0x80, 0xfa, 0xfc, 0x52,
    0x17, 0x58, 0xf8, 0x03, 0x6c, 0x8c, 0x4e, 0xff, 0x07, 0xb0, 0x78, 0x54, 0x40, 0x02, 0xd0, 0xe3,
    0x54, 0xd0, 0xf9, 0x6c, 0xe0, 0x54, 0x01, 0xaf, 0x41, 0xc0, 0xa2, 0x01, 0x58, 0xf4, 0x00, 0x00,
    0x15, 0x03, 0x0a, 0x01, 0x02, 0x7d, 0x6c, 0x07, 0x0c, 0xe7, 0x71, 0xd0, 0xa3, 0x75, 0xd0, 0xfc,
    0x6d, 0xf0, 0x24, 0xff, 0x55, 0xb0, 0xfb, 0xf5, 0x4d, 0x90, 0xf3, 0x0b, 0xfa, 0x34, 0x90, 0xfa,
    0x69, 0xf9, 0x2c, 0xf0, 0x62, 0xaf, 0x03, 0xa0, 0x5f, 0x02, 0x49, 0xbf, 0x10, 0xdf, 0x04, 0xda,
    0x2f, 0xf8, 0x46, 0xb0, 0xf6, 0x1a, 0x62, 0xe0, 0x12, 0x00, 0x00, 0x00, 0x41, 0xc0, 0xa2, 0x01,
    0x58, 0xf4, 0x00, 0x00, 0x15, 0x03, 0x0a, 0x01, 0x04, 0x4d, 0x9c, 0x06, 0x1d, 0x8e, 0x07, 0x4d,
    0x4a, 0x07, 0xcd, 0xdf, 0x06, 0x4f, 0xf2, 0x5f, 0x05, 0xbb, 0x5f, 0xdf, 0x04, 0x39, 0xbf, 0xa0,
    0x4f, 0x03, 0xa9, 0x9f, 0x96, 0xcf, 0x02, 0x2f, 0xf6, 0x3a, 0x00, 0xfa, 0x25, 0x90, 0xf4, 0x0b,
    0xf1, 0x4d, 0xa0, 0xfd, 0x82, 0x6f, 0x04, 0x6b, 0xaf, 0x21, 0x06, 0x2e, 0xd1, 0xa2, 0x01, 0x00,
    0x44, 0xc0, 0xc2, 0x01, 0x60, 0xf4, 0x00, 0x00, 0x13, 0x03, 0x03, 0x01, 0x04, 0x2f, 0x07, 0x0c,
    0xfa, 0x69, 0xb0, 0xe8, 0xe6, 0x68, 0xd0, 0x84, 0x75, 0xd0, 0xfc, 0x6d, 0xf0, 0x24, 0xff, 0x55,
    0xb0, 0xfb, 0xf5, 0x4d, 0x90, 0xf3, 0x0b, 0xfa, 0x34, 0x90, 0xfa, 0x69, 0xf9, 0x2c, 0xf0, 0x62,
    0xaf, 0x03, 0xa0, 0x5f, 0x02, 0x49, 0xbf, 0x10, 0xdf, 0x04, 0xda, 0x2f, 0xf8, 0x46, 0xb0, 0xf6,
    0x1a, 0x62, 0xe0, 0x12, 0x47, 0xc0, 0xa2, 0x01, 0x58, 0xf4, 0x00, 0x00, 0x15, 0x03, 0x0a, 0x01,
    0x08, 0x81, 0xbc, 0x06, 0xf2, 0x25, 0x80, 0x81, 0x66, 0xfb, 0xcf, 0x1f, 0x04, 0x3c, 0x58, 0x61,
    0xd0, 0xfc, 0x6d, 0xf0, 0x24, 0xff, 0x55, 0xb0, 0xfb, 0xf5, 0x4d, 0x90, 0xf3, 0x0b, 0xfa, 0x34,
    0x90, 0xfa, 0x69, 0xf9, 0x2c, 0xf0, 0x62, 0xaf, 0x03, 0xa0, 0x5f, 0x02, 0x49, 0xbf, 0x10, 0xdf,
    0x04, 0xda, 0x2f, 0xf8, 0x46, 0xb0, 0xf6, 0x1a, 0x62, 0xe0, 0x12, 0x01, 0x44, 0xc0, 0xa2, 0x01,
    0x58, 0xf4, 0x00, 0x00, 0x08, 0x03, 0x09, 0x01, 0x02, 0x2b, 0x01, 0x21, 0x05, 0xfb, 0x0c, 0xec,
    0x05, 0x1b, 0x85, 0x15, 0x06, 0xcd, 0xdf, 0x06, 0x4f, 0xf2, 0x5f, 0x05, 0xbb, 0x5f, 0xdf, 0x04,
    0x39, 0xbf, 0xa0, 0x4f, 0x03, 0xa9, 0x9f, 0x96, 0xcf, 0x02, 0x2f, 0xf6, 0x3a, 0x00, 0xfa, 0x25,
    0x90, 0xf4, 0x0b, 0xf1, 0x4d, 0xa0, 0xfd, 0x82, 0x6f, 0x04, 0x6b, 0xaf, 0x21, 0x06, 0x2e, 0x31,
    0x45, 0xc0, 0xc2, 0x01, 0x60, 0xf4, 0x00, 0x00, 0x13, 0x03, 0x03, 0x01, 0x04, 0x2f, 0x07, 0x2b,
    0xbe, 0x1e, 0x05, 0x2b, 0xae, 0x1e, 0x06, 0x4d, 0x4a, 0x07, 0xcd, 0xdf, 0x06, 0x4f, 0xf2, 0x5f,
    0x05, 0xbb, 0x5f, 0xdf, 0x04, 0x39, 0xbf, 0xa0, 0x4f, 0x03, 0xa9, 0x9f, 0x96, 0xcf, 0x02, 0x2f,
    0xf6, 0x3a, 0x00, 0xfa, 0x25, 0x90, 0xf4, 0x0b, 0xf1, 0x4d, 0xa0, 0xfd, 0x82, 0x6f, 0x04, 0x6b,
    0xaf, 0x21, 0x06, 0x2e, 0x01, 0x00, 0x00, 0x00, 0x41, 0x00, 0x63, 0x01, 0x48, 0xf4, 0x00, 0x00,
    0x5d, 0x21, 0x00, 0x38, 0x04, 0x5f, 0x84, 0x6f, 0x03, 0x1f, 0xf2, 0xe2, 0xaf, 0x03, 0xac, 0xff,
    0x6c, 0xf0, 0x23, 0xff, 0x6c, 0xb0, 0xfb, 0xf9, 0x2d, 0x97, 0x03, 0x40, 0xef, 0x17, 0x2f, 0xce,
    0x06, 0xd0, 0xf3, 0xcf, 0x04, 0x69, 0xcf, 0x52, 0xcf, 0x04, 0xe9, 0x3f, 0x30, 0xcf, 0x32, 0x29,
    0xf8, 0x0a, 0x30, 0xf4, 0xcd, 0x31, 0x03, 0x34, 0x1f, 0xb3, 0xff, 0x72, 0x3f, 0x40, 0xa2, 0x01,
    0x48, 0xf4, 0x00, 0x00, 0x5e, 0x05, 0x06, 0x05, 0x02, 0x4c, 0x56, 0x21, 0xe0, 0xe4, 0xf3, 0x88,
    0x20, 0xdf, 0x03, 0xa1, 0xf9, 0x87, 0x3f, 0x03, 0xac, 0xb7, 0x6f, 0xe0, 0xeb, 0x06, 0x9e, 0x4f,
    0xb0, 0x13, 0xf4, 0x27, 0x80, 0xf2, 0x0b, 0xfb, 0x8b, 0x98, 0xfe, 0x03, 0x70, 0x1c, 0xef, 0x3a,
    0x03, 0x1c, 0xed, 0x46, 0xc0, 0x93, 0x4e, 0x04, 0x2d, 0x36, 0x02, 0x00, 0x38, 0x80, 0xa2, 0x01,
    0x58, 0xf4, 0x00, 0x00, 0x5f, 0x05, 0x0a, 0x15, 0x01, 0x1c, 0xbb, 0x61, 0xd0, 0xc2, 0x39, 0xf0,
    0x35, 0x98, 0x8a, 0x78, 0xb0, 0x5f, 0xbe, 0x0b, 0xfb, 0x61, 0xd0, 0xfb, 0x61, 0xe0, 0xfb, 0xb5,
    0x3c, 0xb0, 0x5f, 0xbb, 0x02, 0xfb, 0x61, 0xd0, 0xfb, 0x61, 0xd0, 0xfb, 0x54, 0xe3, 0xb0, 0xf6,
    0xee, 0x70, 0xe2, 0x01, 0x3a, 0x80, 0xc2, 0x01, 0x60, 0xf4, 0x00, 0x00, 0x34, 0x05, 0x03, 0x15,
    0x04, 0x21, 0x06, 0x8d, 0x7f, 0x05, 0x1d, 0x6e, 0x03, 0x5f, 0x82, 0xaf, 0x82, 0x7c, 0xb0, 0x5f,
    0xbe, 0x0b, 0xfb, 0x61, 0xd0, 0xfb, 0x61, 0xe0, 0xfb, 0xb5, 0x3c, 0xb0, 0x5f, 0xbb, 0x02, 0xfb,
    0x61, 0xd0, 0xfb, 0x61, 0xd0, 0xfb, 0x54, 0xe3, 0xb0, 0xf6, 0xee, 0x70, 0xe2, 0x01, 0x0e, 0x08,
    0x3d, 0x80, 0xc2, 0x01, 0x60, 0xf4, 0x00, 0x00, 0x34, 0x05, 0x03, 0x15, 0x03, 0x11, 0x06, 0x8c,
    0xff, 0x48, 0x80, 0xe9, 0x55, 0x9e, 0x00, 0x58, 0x88, 0x89, 0x98, 0xc8, 0x07, 0xfb, 0xe5, 0xbb,
    0xb0, 0x1f, 0x06, 0xbd, 0x1f, 0x06, 0xbe, 0x5f, 0xcb, 0x03, 0xfb, 0xb5, 0x2b, 0xb0, 0x1f, 0x06,
    0xbd, 0x1f, 0x06, 0xbd, 0x4f, 0x35, 0x0e, 0x6b, 0xef, 0x0e, 0x27, 0x1e, 0xe0, 0x00, 0xbb, 0x00,
    0x3b, 0x80, 0xa2, 0x01, 0x58, 0xf4, 0x00, 0x00, 0x28, 0x05, 0x09, 0x15, 0x02, 0x2c, 0x10, 0x42,
    0x80, 0xf6, 0x95, 0x1f, 0x00, 0x58, 0x88, 0x8a, 0xa9, 0xc8, 0x07, 0xfb, 0xe5, 0xbb, 0xb0, 0x1f,
    0x06, 0xbd, 0x1f, 0x06, 0xbe, 0x5f, 0xcb, 0x03, 0xfb, 0xb5, 0x2b, 0xb0, 0x1f, 0x06, 0xbd, 0x1f,
    0x06, 0xbd, 0x4f, 0x35, 0x0e, 0x6b, 0xef, 0x0e, 0x27, 0x1e, 0x30, 0x2f, 0x26, 0x40, 0xc1, 0x01,
    0x60, 0xf8, 0x00, 0x00, 0x1a, 0x0a, 0x03, 0x27, 0x0b, 0x01, 0x95, 0x05, 0x28, 0x1b, 0xe2, 0x83,
    0x5f, 0x9b, 0xfc, 0x02, 0xfa, 0x7a, 0x9f, 0x2f, 0x00, 0x93, 0x5e, 0xd1, 0xf5, 0x32, 0xf0, 0x62,
    0xe0, 0x02, 0x0c, 0x09, 0x26, 0x40, 0xc1, 0x01, 0x60, 0xf8, 0x00, 0x00, 0x1a, 0x0a, 0x03, 0x27,
    0x02, 0x5e, 0x59, 0x80, 0xb2, 0x01, 0xa2, 0xfa, 0xb5, 0xc9, 0x2f, 0xf1, 0x9c, 0xf7, 0xf9, 0x12,
    0x08, 0xe8, 0x15, 0x5d, 0x2f, 0x03, 0x2f, 0x06, 0x2e, 0x00, 0x00, 0x00, 0x27, 0x40, 0xc1, 0x01,
    0x60, 0xf8, 0x00, 0x00, 0x63, 0x1c, 0x03, 0x24, 0x01, 0x8d, 0x43, 0x06, 0x69, 0x00, 0xe9, 0xea,
    0x55, 0x89, 0x2f, 0xf2, 0x84, 0xf7, 0xf9, 0x02, 0xda, 0xf9, 0x75, 0x98, 0x2f, 0x00, 0x39, 0x56,
    0xd0, 0x71, 0x00, 0x00, 0x25, 0x40, 0xa1, 0x01, 0x58, 0xf8, 0x00, 0x00, 0x1b, 0x24, 0x2d, 0x12,
    0x6c, 0x4b, 0x55, 0x90, 0x61, 0x80, 0xaf, 0x5f, 0xa6, 0xf8, 0x12, 0x82, 0xf7, 0xfa, 0x82, 0xaf,
    0x5f, 0x96, 0xf9, 0x52, 0x4a, 0x56, 0xd0, 0x71, 0x00, 0xb0, 0x1f, 0x00, 0x48, 0x00, 0x63, 0x01,
    0x48, 0xf8, 0x00, 0x00, 0x64, 0x07, 0x00, 0x25, 0x03, 0x3e, 0x59, 0x20, 0xe2, 0xb5, 0x23, 0x0e,
    0x28, 0xef, 0x2b, 0xf3, 0x38, 0xf8, 0xbb, 0x59, 0x8b, 0xcb, 0x2f, 0xe8, 0x00, 0x48, 0x0d, 0x30,
    0x2f, 0x88, 0x0e, 0x30, 0x0b, 0x30, 0xfc, 0x72, 0x5f, 0xa0, 0xf4, 0x41, 0x4f, 0x04, 0x79, 0x0e,
    0xe0, 0x1d, 0x02, 0x58, 0x8f, 0x00, 0xf6, 0xaf, 0xab, 0xfd, 0x1e, 0x02, 0x5e, 0x2e, 0xef, 0x2b,
    0x05, 0x2d, 0x13, 0x03, 0x47, 0xc0, 0xc2, 0x01, 0x60, 0xf8, 0x00, 0x00, 0x65, 0x03, 0x03, 0x01,
    0x02, 0x5f, 0xa7, 0x9a, 0x01, 0x73, 0x78, 0x8f, 0x2f, 0xc0, 0x4a, 0xff, 0x7f, 0x35, 0x01, 0xf9,
    0x02, 0xe4, 0x6f, 0x06, 0xe8, 0x04, 0x20, 0xfe, 0x59, 0xe0, 0xa9, 0x02, 0x1c, 0xfc, 0x4b, 0xe0,
    0xf3, 0x04, 0xac, 0xcf, 0x31, 0xe0, 0x1f, 0x04, 0x88, 0xef, 0x02, 0x70, 0xff, 0x51, 0x83, 0xf8,
    0x1f, 0x80, 0x87, 0xf6, 0xed, 0x2f, 0x02, 0x4f, 0x97, 0xae, 0x01, 0x00, 0x4a, 0xc0, 0xc2, 0x01,
    0x60, 0xf4, 0x00, 0x00, 0x1c, 0x07, 0x03, 0x01, 0x07, 0x04, 0x1b, 0xfb, 0x1d, 0x07, 0x6c, 0xde,
    0x51, 0xb0, 0x63, 0x99, 0x35, 0x80, 0xc2, 0xff, 0xfe, 0xef, 0x4a, 0x00, 0xfd, 0x26, 0x90, 0xe4,
    0x3f, 0xf6, 0x48, 0xa0, 0xf5, 0xaa, 0x3f, 0x05, 0xfb, 0xbe, 0x2f, 0x05, 0xf1, 0x9d, 0x4f, 0x05,
    0xfb, 0x4d, 0xbf, 0x04, 0x78, 0x8f, 0x90, 0xcf, 0x86, 0x54, 0xf9, 0x1d, 0x00, 0x6e, 0x2d, 0xdf,
    0x9e, 0x41, 0xd0, 0x21, 0x31, 0x00, 0x18, 0xfe, 0x4a, 0xc0, 0xc2, 0x01, 0x60, 0xf4, 0x00, 0x00,
    0x67, 0x07, 0x0e, 0x01, 0x04, 0x1f, 0x21, 0x07, 0xad, 0x9f, 0x06, 0x7d, 0x7f, 0x06, 0x3b, 0x98,
    0x57, 0x03, 0x28, 0xfc, 0xef, 0xff, 0xae, 0x05, 0xe0, 0x5f, 0x02, 0x49, 0xfe, 0x73, 0x7f, 0x04,
    0x4a, 0xaf, 0xfa, 0x53, 0xb0, 0xef, 0xfb, 0x52, 0xb0, 0xfe, 0xf9, 0x54, 0xb0, 0xdf, 0xf4, 0x4b,
    0x80, 0xf6, 0x08, 0xfa, 0x5b, 0x41, 0x98, 0xdf, 0x01, 0x70, 0x2e, 0xdf, 0x9e, 0x41, 0xd0, 0x21,
    0x31, 0x10, 0x00, 0x00, 0x4a, 0xc0, 0xc2, 0x01, 0x60, 0xf8, 0x00, 0x00, 0x13, 0x07, 0x03, 0x01,
    0x05, 0x7b, 0xba, 0x49, 0x06, 0x2e, 0x4e, 0xff, 0x5a, 0x80, 0xfc, 0x37, 0x42, 0xfb, 0x7f, 0x02,
    0x6c, 0xf3, 0x45, 0x80, 0xeb, 0x00, 0xf7, 0xf8, 0x05, 0x58, 0x1f, 0xf1, 0x84, 0x5e, 0x80, 0xf4,
    0x02, 0xbc, 0xf7, 0x05, 0x48, 0x1f, 0x10, 0x6c, 0xff, 0x44, 0xe0, 0xe9, 0x04, 0xe1, 0x4f, 0x02,
    0x6d, 0x9f, 0x04, 0x5f, 0xf2, 0xeb, 0xff, 0x1d, 0x05, 0x39, 0xea, 0xdf, 0x18, 0x01, 0x00, 0x00,
    0x4c, 0xc0, 0xc2, 0x01, 0x60, 0xf4, 0x00, 0x00, 0x1c, 0x07, 0x03, 0x01, 0x07, 0x04, 0x19, 0xfb,
    0x3c, 0x74, 0x03, 0x29, 0x39, 0xf9, 0x5e, 0x04, 0x3b, 0x86, 0x48, 0x03, 0x28, 0xfc, 0xef, 0xff,
    0xae, 0x04, 0xd0, 0x6f, 0x02, 0x49, 0xfe, 0x63, 0x8f, 0x04, 0x5a, 0xaf, 0xfa, 0x53, 0xb0, 0xef,
    0xfb, 0x52, 0x10, 0xdf, 0xf9, 0x54, 0xb0, 0xdf, 0xf4, 0x4b, 0x80, 0xf7, 0x08, 0xf9, 0x6c, 0x48,
    0x95, 0xdf, 0x01, 0xe0, 0xd6, 0xf2, 0xed, 0x19, 0x04, 0x1d, 0x12, 0x03, 0x46, 0xc0, 0xa2, 0x01,
    0x58, 0xf8, 0x00, 0x00, 0x08, 0x07, 0x09, 0x01, 0x04, 0x6b, 0xba, 0x49, 0x05, 0x2e, 0x4d, 0xff,
    0x49, 0x80, 0xfc, 0x38, 0x42, 0xfb, 0x69, 0x10, 0x49, 0x6f, 0x04, 0xc9, 0x0d, 0xf2, 0xf9, 0x05,
    0x69, 0x1f, 0x10, 0xe8, 0x05, 0x49, 0x2f, 0xc1, 0xf8, 0x05, 0x58, 0x1f, 0xe1, 0xf6, 0x44, 0xe0,
    0xe9, 0x03, 0xe1, 0x5f, 0x02, 0x7d, 0x9f, 0x03, 0x4f, 0xf5, 0xde, 0x41, 0x90, 0xa3, 0xfe, 0x8d,
    0x11, 0x00, 0x00, 0x00, 0x34, 0xc0, 0x02, 0x01, 0x38, 0xf4, 0x00, 0x00, 0x68, 0x1a, 0x0d, 0x2d,
    0x6d, 0x2c, 0x04, 0xa8, 0x09, 0xd2, 0x5f, 0xb0, 0x30, 0xed, 0x24, 0x90, 0xf9, 0x8a, 0xbf, 0x41,
    0xc0, 0xf6, 0xbf, 0x05, 0x4f, 0xe2, 0xfe, 0x37, 0x80, 0xf9, 0x1a, 0x80, 0xcf, 0x1b, 0x90, 0x6f,
    0x03, 0x3a, 0xde, 0x00, 0x52, 0x10, 0xf1, 0x00, 0x4d, 0xc0, 0xa2, 0x01, 0x50, 0xf4, 0x00, 0x00,
    0x08, 0x07, 0x07, 0x01, 0x06, 0x3e, 0x41, 0xa0, 0x62, 0x77, 0xaf, 0x02, 0x1e, 0x4c, 0x8f, 0x4e,
    0x00, 0xfd, 0x07, 0x28, 0xdf, 0xfe, 0x62, 0x8f, 0x08, 0x90, 0x4f, 0xf5, 0xa1, 0xf8, 0x03, 0xf1,
    0x0d, 0x80, 0xef, 0xfb, 0x02, 0xf8, 0x58, 0x00, 0xff, 0xf9, 0xf4, 0x10, 0x2e, 0x80, 0xdf, 0xf4,
    0x7b, 0x7f, 0x01, 0x6b, 0x8f, 0xa0, 0xf2, 0x41, 0x89, 0xdf, 0x01, 0xa0, 0xf4, 0x9e, 0x21, 0xb0,
    0xf9, 0x32, 0x72, 0x60, 0x00, 0x00, 0x00, 0x00, 0x38, 0x80, 0xa2, 0x01, 0x58, 0xf8, 0x00, 0x00,
    0x69, 0x04, 0x0a, 0x0c, 0x01, 0x5f, 0xb5, 0xae, 0x35, 0xf0, 0x78, 0xff, 0x36, 0x50, 0xb1, 0xd3,
    0x0d, 0x77, 0xa0, 0x60, 0x1f, 0x8c, 0x07, 0x4a, 0x2f, 0xe5, 0x62, 0xb0, 0xf4, 0x02, 0x71, 0xe0,
    0xf6, 0x02, 0x1f, 0x35, 0x5d, 0xce, 0x02, 0x8f, 0xf7, 0x4f, 0x02, 0x4f, 0x95, 0x8e, 0x12, 0xf0,
    0x3a, 0x80, 0xc2, 0x01, 0x60, 0xf8, 0x00, 0x00, 0x6a, 0x04, 0x0e, 0x0c, 0x02, 0x5f, 0xb5, 0xae,
    0x45, 0xf0, 0x78, 0xff, 0x46, 0x50, 0xf1, 0x13, 0x2d, 0xf0, 0x71, 0x90, 0xf6, 0x01, 0xd2, 0x61,
    0xa0, 0xf4, 0x22, 0x8e, 0x07, 0x4b, 0x2f, 0xd2, 0x07, 0x08, 0xf6, 0x10, 0x02, 0x51, 0xd3, 0xe5,
    0x3c, 0xf0, 0x78, 0xff, 0x34, 0xf0, 0x54, 0xe9, 0x28, 0x01, 0x00, 0x00, 0x3b, 0x80, 0xc2, 0x01,
    0x60, 0xf8, 0x00, 0x00, 0x6b, 0x04, 0x0e, 0x0c, 0x02, 0x5f, 0xb5, 0xae, 0x45, 0xf0, 0x78, 0xbf,
    0x06, 0x10, 0x6d, 0x91, 0xd3, 0x0d, 0xb0, 0x7c, 0xa0, 0xf6, 0x31, 0x2f, 0x07, 0x4a, 0x2f, 0xf2,
    0x74, 0xa0, 0xf4, 0x02, 0xe8, 0x07, 0x6e, 0x2f, 0xe0, 0x19, 0x35, 0x5d, 0xce, 0x03, 0x8f, 0xf7,
    0x4f, 0x03, 0x4f, 0x95, 0x8e, 0x12, 0x00, 0x00, 0x39, 0x80, 0xa2, 0x01, 0x58, 0xf8, 0x00, 0x00,
    0x6c, 0x04, 0x09, 0x0c, 0x01, 0x5f, 0xb5, 0xae, 0x35, 0xf0, 0x78, 0xcf, 0x06, 0x50, 0x16, 0x39,
    0xdd, 0x20, 0x2f, 0x06, 0x6b, 0x1f, 0x50, 0x07, 0x4a, 0x2f, 0x81, 0x61, 0xa0, 0xf4, 0x22, 0x2f,
    0x06, 0x6a, 0x0f, 0x20, 0x51, 0xd3, 0xe5, 0x2c, 0xf0, 0x78, 0xff, 0x24, 0xf0, 0x54, 0xe9, 0x28,
    0x01, 0x33, 0x80, 0xf5, 0x44, 0xc0, 0xc2, 0x01, 0x60, 0xf4, 0x00, 0x00, 0x6d, 0x15, 0x03, 0x23,
    0x04, 0x1f, 0x21, 0x06, 0x3b, 0xfe, 0x1a, 0x04, 0x4c, 0xdf, 0x33, 0xb0, 0x87, 0x12, 0x22, 0xa0,
    0x85, 0x51, 0xdf, 0x03, 0x48, 0xcf, 0x00, 0xf8, 0x1a, 0xc0, 0xf2, 0x1e, 0x02, 0xc9, 0x6f, 0xd0,
    0x3f, 0x03, 0x1a, 0xfe, 0xfb, 0x57, 0xc0, 0xf3, 0xaf, 0x07, 0xbd, 0x3f, 0x07, 0xad, 0x2f, 0x07,
    0xad, 0x2f, 0x07, 0xbd, 0x2f, 0x07, 0x21, 0x04, 0x2d, 0x00, 0x62, 0x01, 0x48, 0xf8, 0x00, 0x00,
    0x1d, 0x06, 0x00, 0x09, 0x6f, 0xb7, 0xbd, 0x81, 0xf7, 0xf8, 0x13, 0x54, 0x6f, 0xe4, 0xc9, 0x41,
    0x02, 0x1a, 0x2f, 0x70, 0x4b, 0xa0, 0xf1, 0x03, 0xb8, 0x05, 0xeb, 0x5a, 0x9e, 0x05, 0x8f, 0xf2,
    0x3f, 0x06, 0x5d, 0x38, 0x03, 0x00, 0x00, 0x00, 0x39, 0x40, 0x62, 0x01, 0x48, 0xf8, 0x00, 0x00,
    0x0d, 0x0c, 0x00, 0x2a, 0x0d, 0x92, 0xb6, 0x2d, 0xe1, 0xf7, 0x3c, 0xf6, 0x59, 0x85, 0x1a, 0xd8,
    0x00, 0x87, 0x01, 0x28, 0x3f, 0xe8, 0x00, 0x8c, 0x0c, 0x20, 0x3f, 0xf5, 0x98, 0xf8, 0x2f, 0x40,
    0x8f, 0x02, 0xfd, 0xef, 0xdf, 0x88, 0xfd, 0x00, 0x81, 0xe9, 0x62, 0xf2, 0x8f, 0x06, 0x4d, 0x47,
    0x01, 0x00, 0x00, 0x00, 0x3c, 0x00, 0x82, 0x01, 0x50, 0xf4, 0x00, 0x00, 0x03, 0x01, 0x08, 0x02,
    0x0b, 0x71, 0x17, 0x04, 0x7d, 0xcf, 0x05, 0x3d, 0x7c, 0x03, 0x1c, 0x44, 0x22, 0xf0, 0x3b, 0x8f,
    0x0c, 0xf9, 0x2a, 0x92, 0xf8, 0x36, 0x67, 0xc9, 0x8e, 0x8f, 0xe2, 0xef, 0xbb, 0xf8, 0xa8, 0x5f,
    0x00, 0x85, 0x7c, 0xf9, 0x47, 0xd7, 0xfc, 0x38, 0x2e, 0x8f, 0xfe, 0x07, 0x20, 0x02, 0x1d, 0x13,
    0x3c, 0x00, 0x82, 0x01, 0x50, 0xf8, 0x00, 0x00, 0x03, 0x01, 0x08, 0x02, 0x04, 0x9a, 0x23, 0x9a,
    0x43, 0x90, 0xfb, 0xe7, 0xff, 0x2e, 0x80, 0x13, 0xaf, 0xf6, 0x75, 0xf8, 0x02, 0xd8, 0xf4, 0x82,
    0xe9, 0x40, 0x2f, 0xf6, 0x78, 0xf4, 0xc2, 0x0b, 0x87, 0x0f, 0xb7, 0x20, 0x9f, 0xe8, 0x5b, 0xed,
    0x41, 0x11, 0xf0, 0x2c, 0xcf, 0xfc, 0x3f, 0x04, 0x69, 0x88, 0x87, 0x17, 0x3e, 0x00, 0x82, 0x01,
    0x50, 0xf8, 0x00, 0x00, 0x03, 0x01, 0x08, 0x02, 0x04, 0x9a, 0x23, 0x9a, 0x23, 0x80, 0x02, 0xfb,
    0xe7, 0xff, 0xe8, 0x00, 0xc7, 0xf1, 0x8a, 0xf6, 0x75, 0x2f, 0xf4, 0x41, 0xf8, 0x92, 0x0e, 0xf4,
    0x82, 0xe6, 0x41, 0x2f, 0xbc, 0x08, 0xf7, 0x00, 0xbb, 0x82, 0x9f, 0xbe, 0xd5, 0x1e, 0x0b, 0x51,
    0xc0, 0xf2, 0xcc, 0xff, 0x43, 0x90, 0x86, 0x78, 0x78, 0x01, 0xba, 0x02, 0x3f, 0x00, 0x82, 0x01,
    0x50, 0xf4, 0x00, 0x00, 0x03, 0x01, 0x07, 0x02, 0x01, 0x4e, 0x43, 0x80, 0xed, 0xbf, 0xc6, 0x04,
    0x6a, 0x10, 0xd9, 0x28, 0xc0, 0x41, 0x24, 0x02, 0xbf, 0xf3, 0xc8, 0x90, 0xaf, 0x22, 0x89, 0x6f,
    0x73, 0x96, 0xec, 0xf8, 0x28, 0xfe, 0xbe, 0x8b, 0x8f, 0xfa, 0x05, 0x50, 0xc8, 0x97, 0x7f, 0x74,
    0xcd, 0x8f, 0xe3, 0xf2, 0xe8, 0x7f, 0x00, 0x22, 0xd0, 0x31, 0x01, 0x32, 0x3e, 0x00, 0x82, 0x01,
    0x50, 0xf8, 0x00, 0x00, 0x6f, 0x01, 0x16, 0x02, 0x04, 0x98, 0x23, 0x9a, 0x03, 0x87, 0xac, 0xb0,
    0x7f, 0xfe, 0xf8, 0x0e, 0xf9, 0x1d, 0x8f, 0x6a, 0x5f, 0xf7, 0x32, 0x68, 0x44, 0x2f, 0xe9, 0x80,
    0xf4, 0x22, 0x45, 0xf4, 0x28, 0xbc, 0x70, 0x0f, 0x89, 0xdf, 0xf2, 0xe9, 0x5b, 0xd8, 0x1e, 0xd7,
    0x0a, 0x2c, 0xcf, 0xfc, 0x3f, 0x04, 0x69, 0x88, 0x87, 0x17, 0x17, 0x00, 0x40, 0x00, 0xa2, 0x01,
    0x58, 0xf8, 0x00, 0x00, 0x70, 0x01, 0x09, 0x02, 0x05, 0x9a, 0x23, 0x9a, 0x53, 0x80, 0xfb, 0xe7,
    0xff, 0x0e, 0x08, 0xb6, 0x12, 0xaf, 0x86, 0x5f, 0xf7, 0x12, 0x7d, 0xb8, 0xf4, 0x92, 0x0e, 0x84,
    0x2f, 0xc2, 0xc2, 0xf4, 0x28, 0xbc, 0x70, 0x0f, 0x80, 0xfc, 0x26, 0x9f, 0xbe, 0x58, 0xed, 0x01,
    0x10, 0xe0, 0xc0, 0xf2, 0xcc, 0xff, 0x53, 0x90, 0x86, 0x78, 0x78, 0x01, 0x47, 0x40, 0x23, 0x01,
    0x38, 0xf4, 0x00, 0x00, 0x71, 0x23, 0x01, 0x40, 0x01, 0x38, 0x45, 0x01, 0x53, 0x24, 0xe0, 0xd1,
    0xf2, 0xee, 0x2d, 0x8f, 0x4e, 0x70, 0xaf, 0x61, 0xf1, 0xa8, 0x73, 0xef, 0x01, 0x83, 0xb8, 0xfe,
    0xdf, 0xcc, 0xf1, 0x6a, 0xf3, 0xdf, 0x1a, 0x4f, 0x8a, 0xa4, 0x7f, 0x10, 0xff, 0x38, 0x00, 0x95,
    0xa3, 0x8f, 0x8a, 0xfd, 0xef, 0x87, 0xf1, 0x18, 0xe3, 0xff, 0x7d, 0x28, 0xef, 0x4e, 0x02, 0x2f,
    0x04, 0x21, 0x02, 0x03, 0x3a, 0x40, 0x62, 0x01, 0x38, 0xf4, 0x00, 0x00, 0x0f, 0x05, 0x22, 0x05,
    0x02, 0x2d, 0x23, 0x03, 0x5e, 0x3e, 0x8f, 0x08, 0xf4, 0x7f, 0x64, 0xda, 0x9f, 0xfa, 0x26, 0xa0,
    0xc3, 0xb8, 0x4f, 0x03, 0x1b, 0x70, 0x9f, 0x02, 0x58, 0xcf, 0xd1, 0xdf, 0x8a, 0xfb, 0x5f, 0x00,
    0xd8, 0xf1, 0xce, 0x33, 0xf0, 0x24, 0x4d, 0xc0, 0xa6, 0xad, 0x04, 0x3d, 0x46, 0x02, 0x00, 0x00,
    0x39, 0x00, 0x82, 0x01, 0x50, 0xf4, 0x00, 0x00, 0x03, 0x01, 0x16, 0x02, 0x01, 0x5d, 0x28, 0x04,
    0x2d, 0xbd, 0x05, 0x1d, 0x1c, 0x03, 0x1c, 0x44, 0x22, 0xf0, 0x38, 0x8f, 0x0b, 0xf5, 0x2b, 0xa2,
    0xf8, 0xa8, 0x8f, 0x66, 0xd7, 0xdf, 0x5b, 0xcf, 0x9e, 0x4f, 0x02, 0x38, 0x31, 0xdf, 0x35, 0xb8,
    0xcf, 0x50, 0x2e, 0xef, 0x2b, 0x02, 0x1d, 0x12, 0x01, 0x00, 0x00, 0x00, 0x39, 0x00, 0x82, 0x01,
    0x50, 0xf4, 0x00, 0x00, 0x03, 0x01, 0x16, 0x02, 0x03, 0x5d, 0x38, 0x03, 0x2d, 0x9f, 0x04, 0x9e,
    0x46, 0xc0, 0x41, 0x24, 0x02, 0x8f, 0xf3, 0xb8, 0x50, 0xbf, 0x22, 0x8a, 0x8f, 0xfa, 0x68, 0x76,
    0xfd, 0xbd, 0xf5, 0xec, 0xf9, 0x24, 0x80, 0x13, 0xf3, 0x5d, 0x83, 0xfb, 0x0c, 0xe5, 0xf2, 0xbe,
    0x22, 0xd0, 0x21, 0x11, 0x00, 0x00, 0x00, 0x00, 0x3b, 0x00, 0x82, 0x01, 0x50, 0xf4, 0x00, 0x00,
    0x03, 0x01, 0x08, 0x02, 0x02, 0x4e, 0x46, 0x80, 0xf9, 0xbe, 0x01, 0x30, 0xbb, 0x13, 0x6a, 0x02,
    0x1c, 0x44, 0x22, 0xf0, 0x38, 0x8f, 0x0b, 0xf5, 0x2b, 0xa2, 0xf8, 0xa8, 0x8f, 0x66, 0xd7, 0xdf,
    0x5b, 0xcf, 0x9e, 0x4f, 0x02, 0x38, 0x31, 0xdf, 0x35, 0xb8, 0xcf, 0x50, 0x2e, 0xef, 0x2b, 0x02,
    0x1d, 0x12, 0x01, 0x00, 0x39, 0x00, 0x62, 0x01, 0x48, 0xf4, 0x00, 0x00, 0x0b, 0x01, 0x02, 0x02,
    0x08, 0xeb, 0x26, 0xee, 0xb0, 0xa0, 0x5d, 0x12, 0x2d, 0xc0, 0x41, 0x24, 0x02, 0x8f, 0xf3, 0xb8,
    0x50, 0xbf, 0x22, 0x8a, 0x8f, 0xfa, 0x68, 0x76, 0xfd, 0xbd, 0xf5, 0xec, 0xf9, 0x24, 0x80, 0x13,
    0xf3, 0x5d, 0x83, 0xfb, 0x0c, 0xe5, 0xf2, 0xbe, 0x22, 0xd0, 0x21, 0x11, 0x00, 0x00, 0x00, 0x00,
    0x1e, 0x40, 0x61, 0x01, 0x48, 0xf8, 0x00, 0x00, 0x1f, 0x0a, 0x06, 0x26, 0x5e, 0x71, 0xb0, 0x70,
    0x0c, 0x51, 0xb2, 0x50, 0x9f, 0x5a, 0xbf, 0x02, 0xd6, 0x57, 0xcb, 0x01, 0x10, 0x07, 0x21, 0x15,
    0x1e, 0x40, 0x61, 0x01, 0x48, 0xf8, 0x00, 0x00, 0x1f, 0x0a, 0x18, 0x26, 0x01, 0x7e, 0x56, 0x19,
    0x11, 0xfc, 0x5b, 0xbf, 0x72, 0x4f, 0x52, 0xf4, 0x10, 0x77, 0xe0, 0x10, 0x07, 0x01, 0x00, 0x00,
    0x1e, 0x40, 0x61, 0x01, 0x48, 0xf8, 0x00, 0x00, 0x73, 0x1c, 0x18, 0x24, 0x0d, 0x62, 0x07, 0x1c,
    0xad, 0x54, 0xb6, 0x70, 0x0e, 0x5b, 0xbf, 0x12, 0x9e, 0x54, 0x17, 0xe0, 0x72, 0x07, 0x00, 0x00,
    0x1c, 0x40, 0x41, 0x01, 0x40, 0xf8, 0x00, 0x00, 0x74, 0x24, 0x05, 0x12, 0xae, 0x79, 0xd0, 0xde,
    0x54, 0xc6, 0x20, 0xb1, 0xf5, 0x2c, 0xde, 0x54, 0xf7, 0x10, 0x78, 0x00, 0x3b, 0x40, 0x62, 0x01,
    0x48, 0xf8, 0x00, 0x00, 0x75, 0x0c, 0x00, 0x05, 0x04, 0x5c, 0xaa, 0x35, 0xd0, 0xc1, 0x36, 0xff,
    0x26, 0x80, 0xf5, 0xed, 0x34, 0xfc, 0x08, 0xc4, 0xd9, 0x7e, 0x80, 0x50, 0x2f, 0xf5, 0x9f, 0xf8,
    0x07, 0x40, 0x2f, 0x80, 0xfd, 0xc8, 0x3d, 0xb2, 0xfc, 0x00, 0x66, 0xaf, 0x09, 0x90, 0xbe, 0xf3,
    0x9f, 0x02, 0x5e, 0x17, 0x10, 0x31, 0x00, 0x00, 0x32, 0x00, 0x82, 0x01, 0x50, 0xf8, 0x00, 0x00,
    0x2e, 0x06, 0x07, 0x09, 0x0c, 0x12, 0x63, 0xbb, 0x12, 0x4f, 0x65, 0x8f, 0x52, 0x0e, 0xc0, 0x2e,
    0x12, 0x01, 0x2a, 0x2f, 0xf2, 0x65, 0x10, 0xda, 0xf4, 0x61, 0xb0, 0xd6, 0xf3, 0x48, 0x14, 0xc0,
    0x8c, 0xd0, 0xf5, 0x39, 0x30, 0x00, 0x71, 0x93, 0x8e, 0x21, 0x03, 0x5d, 0x3d, 0x40, 0x82, 0x01,
    0x50, 0xf4, 0x00, 0x00, 0x06, 0x01, 0x08, 0x07, 0x01, 0x71, 0x4f, 0x05, 0x3c, 0xfe, 0x54, 0xc0,
    0xa1, 0x1c, 0x04, 0x3d, 0x24, 0x03, 0x6e, 0x2e, 0x8f, 0x1b, 0x40, 0xdf, 0x23, 0x99, 0xbf, 0xa0,
    0x3f, 0x02, 0xca, 0x1f, 0xfb, 0x21, 0xa0, 0xf9, 0x93, 0x4f, 0x02, 0xc8, 0x1f, 0xf2, 0x6e, 0x94,
    0xfa, 0x0a, 0x50, 0x2e, 0xff, 0x48, 0xe0, 0x12, 0x03, 0x00, 0x00, 0x00, 0x3d, 0x40, 0x82, 0x01,
    0x50, 0xf4, 0x00, 0x00, 0x06, 0x01, 0x08, 0x07, 0x03, 0x6d, 0x47, 0x04, 0xac, 0xaf, 0x31, 0xd0,
    0xd5, 0x66, 0xd0, 0x43, 0x32, 0xe0, 0xe6, 0xf2, 0xb8, 0x01, 0xf4, 0x3d, 0x92, 0xf9, 0x0b, 0xfa,
    0x23, 0xa0, 0xfc, 0xb1, 0x1f, 0x02, 0x9a, 0x3f, 0xf9, 0x24, 0x80, 0xfc, 0x21, 0xef, 0x46, 0xa9,
    0xaf, 0x00, 0xe5, 0xf2, 0x8f, 0x04, 0x2e, 0x31, 0x00, 0x00, 0x00, 0x00, 0x3d, 0x40, 0x82, 0x01,
    0x50, 0xf4, 0x00, 0x00, 0x06, 0x01, 0x08, 0x07, 0x02, 0x3e, 0x56, 0xb0, 0xf7, 0xce, 0x22, 0xa0,
    0xb2, 0x04, 0x7a, 0x04, 0x41, 0x2f, 0x03, 0x6f, 0xf3, 0xb8, 0x01, 0xf4, 0x3d, 0x92, 0xf9, 0x0c,
    0xfa, 0x23, 0xa0, 0xfc, 0xb2, 0x1f, 0x02, 0x9a, 0x3f, 0xf9, 0x24, 0x80, 0xfc, 0x31, 0xef, 0x45,
    0x99, 0xaf, 0x00, 0xe5, 0xf2, 0x9f, 0x04, 0x21, 0x03, 0x00, 0x00, 0x00, 0x3f, 0x40, 0x82, 0x01,
    0x50, 0xf4, 0x00, 0x00, 0x06, 0x01, 0x07, 0x07, 0x01, 0x41, 0x05, 0xc8, 0xfe, 0x6d, 0x99, 0x80,
    0x60, 0x00, 0xc7, 0x2a, 0x03, 0x3d, 0x24, 0x03, 0x6e, 0x2e, 0x8f, 0x1b, 0x40, 0xdf, 0x23, 0x99,
    0xbf, 0xa0, 0x3f, 0x02, 0xca, 0x1f, 0xfb, 0x21, 0xa0, 0xf9, 0x93, 0x4f, 0x02, 0xc8, 0x1f, 0xf2,
    0x6e, 0x94, 0xfa, 0x0a, 0x50, 0x2e, 0xff, 0x48, 0xe0, 0x12, 0x03, 0x00, 0x3c, 0x40, 0x62, 0x01,
    0x48, 0xf8, 0x00, 0x00, 0x78, 0x01, 0x02, 0x07, 0x03, 0x48, 0xba, 0x29, 0x00, 0xd7, 0x07, 0x46,
    0x8f, 0x05, 0xde, 0xe0, 0x3d, 0x18, 0xe4, 0x0e, 0x9a, 0xe3, 0x3f, 0x02, 0x68, 0x2f, 0x00, 0xf4,
    0x22, 0x80, 0xf4, 0xc1, 0x2b, 0x9f, 0x02, 0xa8, 0x0f, 0xde, 0xb0, 0x8f, 0x9c, 0xfc, 0x08, 0x55,
    0x0d, 0xb1, 0xf2, 0xaf, 0x06, 0x1d, 0x13, 0x02, 0x23, 0xc0, 0xe2, 0x00, 0x38, 0xf4, 0x00, 0x00,
    0x79, 0x33, 0x0c, 0x01, 0x03, 0x1d, 0x27, 0x07, 0x5d, 0x8f, 0x07, 0x0e, 0x42, 0xf0, 0x76, 0xde,
    0x8e, 0x71, 0xe3, 0x13, 0x03, 0x3d, 0x7d, 0x07, 0x2d, 0x5b, 0x03, 0x5e, 0x39, 0x40, 0x62, 0x01,
    0x40, 0xf4, 0x00, 0x00, 0x7a, 0x01, 0x0b, 0x07, 0x05, 0x2f, 0x04, 0x38, 0x94, 0x1f, 0x00, 0xf5,
    0x2e, 0x8f, 0x1e, 0x30, 0xdf, 0xa4, 0xf1, 0xb8, 0x90, 0x4f, 0xf1, 0x89, 0xfc, 0xb1, 0x1f, 0xf9,
    0x28, 0xf9, 0x93, 0x6f, 0xaf, 0x09, 0xfc, 0x31, 0xf2, 0x59, 0xf9, 0x0b, 0x60, 0xf3, 0x9f, 0x02,
    0x6c, 0x4f, 0x72, 0x40, 0x00, 0x00, 0x00, 0x00, 0x2f, 0x00, 0x82, 0x01, 0x50, 0xf8, 0x00, 0x00,
    0x11, 0x12, 0x08, 0x04, 0x02, 0x3f, 0xb5, 0x5a, 0x40, 0x00, 0x65, 0xdf, 0x70, 0x1a, 0x40, 0xa1,
    0xf5, 0x72, 0x6f, 0x05, 0x4a, 0x2f, 0xa0, 0x5d, 0xe0, 0xf8, 0x02, 0x6e, 0x43, 0x1b, 0xff, 0x22,
    0xf0, 0x65, 0xff, 0x32, 0x60, 0xf1, 0x00, 0x35, 0x2e, 0x00, 0x82, 0x01, 0x50, 0xf8, 0x00, 0x00,
    0x11, 0x12, 0x08, 0x04, 0x02, 0x3f, 0xb5, 0x5f, 0x03, 0x5f, 0xf6, 0x01, 0x4d, 0x0c, 0x14, 0x5a,
    0x2f, 0xf4, 0x5a, 0xa0, 0xf4, 0x72, 0x1e, 0x05, 0x89, 0x0f, 0x47, 0x30, 0xb4, 0xf1, 0x2f, 0x02,
    0x5f, 0xf6, 0x2f, 0x03, 0x16, 0x0f, 0x00, 0x00, 0x2f, 0x00, 0x82, 0x01, 0x50, 0xf8, 0x00, 0x00,
    0x11, 0x12, 0x08, 0x04, 0x02, 0x3f, 0xb5, 0x5a, 0x00, 0x61, 0x65, 0x1f, 0xd0, 0xac, 0x40, 0xa1,
    0xf5, 0x62, 0x1e, 0x05, 0x4a, 0x2f, 0xf4, 0x53, 0x90, 0xf8, 0x00, 0xb9, 0x43, 0x1b, 0xbf, 0x02,
    0x30, 0x65, 0xff, 0x32, 0x60, 0xf1, 0x00, 0x00, 0x2b, 0x00, 0x62, 0x01, 0x48, 0xf8, 0x00, 0x00,
    0x7c, 0x12, 0x02, 0x04, 0x3d, 0x32, 0xb5, 0x5b, 0xe0, 0x5d, 0xf6, 0x0c, 0xde, 0x40, 0xd1, 0xf5,
    0x72, 0xb0, 0xf4, 0x82, 0x57, 0xa0, 0xf8, 0xe0, 0x3d, 0xb4, 0xf1, 0x2c, 0x89, 0x65, 0xff, 0x22,
    0x60, 0xf1, 0x30, 0xa0, 0x39, 0x00, 0xa2, 0x01, 0x50, 0xf8, 0x00, 0x00, 0x7d, 0x01, 0x07, 0x02,
    0x02, 0x2d, 0x18, 0x07, 0x01, 0x4b, 0xff, 0x29, 0x02, 0x38, 0x08, 0x30, 0x60, 0x1d, 0x8f, 0x4a,
    0xfa, 0x0e, 0xe7, 0x02, 0x5e, 0x2d, 0xbf, 0x2b, 0xf5, 0x29, 0x80, 0xe7, 0xdf, 0x04, 0x60, 0xc8,
    0x00, 0xd5, 0xef, 0x35, 0x90, 0x13, 0x40, 0xff, 0x77, 0xc0, 0x30, 0x19, 0x06, 0x00, 0x00, 0x00,
    0x25, 0x80, 0x21, 0x01, 0x38, 0xf8, 0x00, 0x00, 0x7e, 0x1b, 0x01, 0x13, 0x3f, 0xb6, 0x28, 0xa3,
    0xde, 0xea, 0x8d, 0x2a, 0x00, 0x3e, 0x70, 0xaf, 0x03, 0xfb, 0x03, 0xb7, 0x03, 0xab, 0xdf, 0x6f,
    0x03, 0x1c, 0xb8, 0x27, 0x00, 0x00, 0x00, 0x00, 0x36, 0x00, 0x82, 0x01, 0x48, 0xf8, 0x00, 0x00,
    0x7f, 0x01, 0x02, 0x02, 0x01, 0x2d, 0x18, 0x06, 0x79, 0x48, 0xff, 0x29, 0x02, 0x38, 0xd8, 0x0e,
    0xd6, 0x8f, 0xaf, 0xa4, 0xef, 0x87, 0x02, 0x5e, 0x2d, 0xef, 0x2b, 0x11, 0x02, 0x78, 0xfe, 0x4d,
    0x00, 0x9c, 0x0e, 0xd5, 0xef, 0x35, 0xa0, 0xec, 0xf4, 0x7f, 0x07, 0x3d, 0x19, 0x06, 0x1e, 0x55,
    0x44, 0xc0, 0x62, 0x01, 0x48, 0xf8, 0x00, 0x00, 0x80, 0x15, 0x00, 0x2d, 0x0c, 0x71, 0x2a, 0x8b,
    0x59, 0x00, 0xf2, 0xdf, 0xc2, 0xe9, 0xcf, 0x80, 0x1e, 0x04, 0x6a, 0x2f, 0xe8, 0x41, 0x80, 0xf6,
    0x22, 0xff, 0xcd, 0xb9, 0xec, 0xcf, 0x80, 0xf7, 0xf8, 0x82, 0x9e, 0xe9, 0x1d, 0x89, 0xfb, 0x83,
    0x0c, 0xb0, 0x98, 0x00, 0xf3, 0x83, 0x1c, 0x80, 0x9b, 0x00, 0xf3, 0x83, 0xc8, 0x00, 0x44, 0x00,
    0xe2, 0x2f, 0x07, 0x02, 0x46, 0x40, 0x23, 0x01, 0x38, 0xf8, 0x00, 0x00, 0x81, 0x25, 0x01, 0x2c,
    0x01, 0x6b, 0xba, 0x6a, 0x02, 0xbf, 0xf4, 0xa8, 0x30, 0x9f, 0x23, 0xb4, 0xfa, 0x41, 0x3f, 0xa0,
    0xf3, 0x42, 0x3f, 0x02, 0x58, 0x2f, 0xf1, 0xaf, 0xaa, 0xfb, 0x0e, 0xd0, 0xf4, 0x98, 0x20, 0xbf,
    0x9f, 0x86, 0xfd, 0x40, 0x2f, 0x5f, 0x08, 0xf4, 0x42, 0x5f, 0xaf, 0x05, 0xf4, 0x12, 0xf2, 0x58,
    0xe1, 0x0e, 0x50, 0xbf, 0x4f, 0xc0, 0x35, 0xf0, 0x42, 0x00, 0x00, 0x00, 0x48, 0x40, 0xc2, 0x01,
    0x60, 0xf4, 0x00, 0x00, 0x82, 0x0c, 0x19, 0x05, 0x02, 0x7e, 0x10, 0x33, 0xb0, 0xd1, 0xea, 0x48,
    0xd0, 0xf2, 0x49, 0xb0, 0x73, 0x8a, 0x23, 0x80, 0xfa, 0xef, 0xff, 0x0a, 0x38, 0xbf, 0x00, 0xb1,
    0x8f, 0x36, 0xcf, 0x01, 0x30, 0xc8, 0x06, 0xf8, 0xcf, 0xf7, 0x32, 0xa0, 0x82, 0xfc, 0x9f, 0x05,
    0x19, 0xfb, 0xa8, 0x2f, 0x02, 0x18, 0xcf, 0xf5, 0x6d, 0x94, 0xa5, 0x8f, 0x60, 0x3d, 0xff, 0x39,
    0xf0, 0x11, 0x22, 0x00, 0x3d, 0x00, 0x82, 0x01, 0x50, 0xf8, 0x00, 0x00, 0x83, 0x06, 0x11, 0x09,
    0x03, 0x1a, 0x46, 0x60, 0x58, 0x80, 0xfc, 0x4f, 0xfa, 0x0a, 0x88, 0x04, 0xf3, 0xe8, 0x8a, 0xa1,
    0x0f, 0xf8, 0x45, 0xf8, 0x91, 0x0e, 0xf4, 0x82, 0xd0, 0x4c, 0x2f, 0xf6, 0x08, 0xf3, 0xb2, 0x2e,
    0x82, 0x9f, 0xf3, 0x88, 0x1f, 0x58, 0x01, 0xb0, 0x5f, 0x1b, 0xff, 0x5b, 0x90, 0x28, 0x91, 0x19,
    0x00, 0x00, 0x00, 0x00, 0x46, 0xc0, 0xc2, 0x01, 0x60, 0xf8, 0x00, 0x00, 0x84, 0x15, 0x0e, 0x23,
    0x02, 0x7e, 0x75, 0x30, 0xd0, 0xf8, 0x78, 0xf0, 0x20, 0xc2, 0xfd, 0x1c, 0x05, 0x68, 0xff, 0x02,
    0xfa, 0xfe, 0x43, 0x80, 0xb4, 0x1b, 0x00, 0xf6, 0xf9, 0xab, 0xba, 0x12, 0x41, 0x03, 0xbf, 0xf4,
    0x28, 0xf6, 0x2f, 0x20, 0xdd, 0xaf, 0x23, 0x82, 0x30, 0x99, 0x41, 0xff, 0x7f, 0x07, 0x0b, 0xf5,
    0x3e, 0x07, 0x01, 0x8d, 0x1c, 0x07, 0x02, 0x1f, 0x07, 0x01, 0x00, 0x00, 0x33, 0x40, 0x62, 0x01,
    0x48, 0xf4, 0x00, 0x00, 0x22, 0x13, 0x00, 0x02, 0x03, 0x2c, 0x87, 0x42, 0xc0, 0xde, 0xed, 0x03,
    0x4b, 0x5f, 0x52, 0x03, 0x7d, 0x1f, 0x03, 0x8c, 0xec, 0x1f, 0x2c, 0xc0, 0x64, 0xed, 0x61, 0x04,
    0xee, 0x6a, 0xe0, 0x8f, 0x03, 0x7b, 0x46, 0x5f, 0x03, 0x8c, 0xff, 0x5c, 0x10, 0x52, 0xf0, 0x1c,
    0x17, 0x40, 0x81, 0x00, 0x50, 0xf4, 0x00, 0x00, 0x85, 0x19, 0x07, 0x12, 0x01, 0x1f, 0x02, 0x48,
    0x9f, 0x30, 0xbf, 0xcf, 0x27, 0x07, 0x51, 0x00, 0x15, 0x40, 0x61, 0x00, 0x48, 0xf4, 0x00, 0x00,
    0x86, 0x19, 0x02, 0x24, 0x88, 0x09, 0x88, 0xd2, 0x9f, 0x3e, 0x10, 0x17, 0x00, 0x00, 0x00, 0x00,
    0x12, 0x80, 0x41, 0x00, 0x48, 0xf4, 0x00, 0x00, 0x87, 0x35, 0x06, 0x44, 0x5f, 0x73, 0x1e, 0x39,
    0xfb, 0x02, 0x00, 0x00, 0x19, 0xc0, 0x81, 0x00, 0x50, 0xf4, 0x00, 0x00, 0x88, 0x0f, 0x04, 0x1c,
    0x06, 0xce, 0x2a, 0x80, 0x5e, 0xf6, 0x9b, 0xed, 0x1a, 0x20, 0x87, 0x16, 0xf0, 0xa6, 0x70, 0xab,
    0x0f, 0x80, 0x40, 0x00, 0x48, 0xf4, 0x00, 0x00, 0x89, 0x16, 0x00, 0x17, 0x7c, 0xc1, 0x52, 0x02,
    0x12, 0xc0, 0x60, 0x00, 0x48, 0xf4, 0x00, 0x00, 0x8a, 0x08, 0x02, 0x0a, 0x78, 0x0b, 0xbc, 0x62,
    0xf9, 0x00, 0x00, 0x00, 0x12, 0xc0, 0x60, 0x00, 0x00, 0xf4, 0x00, 0x00, 0x23, 0x08, 0x1a, 0x0a,
    0x48, 0x00, 0x6d, 0x50, 0xfa, 0x01, 0x00, 0x00, 0x17, 0xc0, 0x61, 0x00, 0x48, 0xf4, 0x00, 0x00,
    0x8c, 0x0f, 0x02, 0x1c, 0x58, 0xdc, 0x06, 0x53, 0x1b, 0xc6, 0xfd, 0x6f, 0x03, 0x3d, 0x01, 0x00,
    0x1c, 0xc0, 0x81, 0x00, 0x50, 0xf4, 0x00, 0x00, 0x8d, 0x0f, 0x04, 0x19, 0x01, 0x18, 0x00, 0x01,
    0xa0, 0x8f, 0xf8, 0x1d, 0xf5, 0xc7, 0xe8, 0x02, 0x56, 0x71, 0x12, 0x00, 0x13, 0xc0, 0x80, 0x00,
    0x50, 0xf4, 0x00, 0x00, 0x24, 0x08, 0x04, 0x1e, 0x08, 0x01, 0xf2, 0x96, 0xcc, 0x60, 0x02, 0x00,
    0x11, 0xc0, 0x60, 0x00, 0x00, 0xf8, 0x00, 0x00, 0x8f, 0x08, 0x25, 0x1e, 0x19, 0x88, 0xde, 0x53,
    0x01, 0x00, 0x00, 0x00, 0x12, 0xc0, 0x60, 0x00, 0x00, 0xf4, 0x00, 0x00, 0x23, 0x08, 0x1a, 0x0a,
    0x48, 0x00, 0x6d, 0x61, 0xfa, 0xb2, 0x21, 0x00, 0x15, 0x80, 0x00, 0x01, 0x28, 0xf4, 0x00, 0x00,
    0x90, 0x16, 0x17, 0x17, 0x58, 0xe1, 0xb5, 0x03, 0x80, 0x3b, 0x4f, 0x3b, 0x07, 0x00, 0x00, 0x00,
    0x13, 0xc0, 0x80, 0x00, 0x50, 0xf4, 0x00, 0x00, 0x24, 0x08, 0x04, 0x1e, 0x08, 0x01, 0xf2, 0x96,
    0xcc, 0x60, 0x02, 0x00, 0x17, 0x40, 0x81, 0x00, 0x50, 0xf4, 0x00, 0x00, 0x91, 0x19, 0x04, 0x12,
    0x02, 0x1f, 0x02, 0x68, 0x8f, 0xc8, 0xfe, 0xb8, 0xa8, 0xa0, 0x08, 0x00, 0x3c, 0xc0, 0xc2, 0x01,
    0x60, 0xf4, 0x00, 0x00, 0x26, 0x00, 0x03, 0x00, 0x03, 0x1e, 0x10, 0x51, 0xb0, 0xf7, 0xf5, 0x5c,
    0xb0, 0xf6, 0xe4, 0x3b, 0x70, 0xba, 0x0a, 0xf0, 0x6d, 0x1a, 0xe0, 0x9f, 0x07, 0x0d, 0x9f, 0x07,
    0x0d, 0xcf, 0x65, 0x2f, 0x01, 0xf1, 0xe5, 0x5b, 0x00, 0x9f, 0x07, 0x0d, 0x9f, 0x07, 0x0d, 0xbf,
    0x46, 0x01, 0xf7, 0xff, 0x01, 0x17, 0x1e, 0x00, 0x3e, 0xc0, 0x82, 0x01, 0x48, 0xf8, 0x00, 0x00,
    0x93, 0x00, 0x26, 0x00, 0x0e, 0x71, 0x10, 0xe0, 0xf3, 0x07, 0x01, 0x3e, 0x7f, 0xdc, 0x06, 0x73,
    0x8f, 0x7f, 0x30, 0x3f, 0x93, 0xef, 0x32, 0x5b, 0x0b, 0xf3, 0x01, 0xa1, 0x02, 0x18, 0x3f, 0xf3,
    0x00, 0xfa, 0x39, 0x80, 0x5f, 0x61, 0x00, 0xe8, 0x3a, 0x00, 0xf6, 0x33, 0xf0, 0x43, 0xff, 0x5d,
    0xa0, 0xd6, 0xff, 0x2b, 0x07, 0x04, 0x00, 0x00, 0x38, 0xc0, 0xc2, 0x01, 0x60, 0xf4, 0x00, 0x00,
    0x94, 0x00, 0x03, 0x00, 0x07, 0x07, 0x4c, 0x9c, 0x51, 0xd0, 0xd5, 0x35, 0xf0, 0x21, 0xfa, 0x4b,
    0xca, 0x21, 0xdf, 0xa6, 0x1c, 0xf2, 0x79, 0xd0, 0xf2, 0x79, 0xd0, 0xf2, 0x79, 0xd0, 0xf2, 0x79,
    0xd0, 0xf2, 0x79, 0xd0, 0xf2, 0x79, 0xd0, 0xf2, 0x79, 0xd0, 0xf2, 0x79, 0xe0, 0x10, 0x07, 0x0f,
    0x3f, 0xc0, 0x62, 0x01, 0x48, 0xf4, 0x00, 0x00, 0x00, 0x00, 0x00, 0x00, 0x01, 0x19, 0x97, 0xaa,
    0x48, 0x02, 0x28, 0xfe, 0xab, 0xca, 0xaf, 0x07, 0xa0, 0x6f, 0x03, 0xe1, 0x01, 0xf1, 0x04, 0x1e,
    0x12, 0x10, 0x4f, 0xf6, 0x21, 0x10, 0x4f, 0xfd, 0x22, 0x10, 0x7f, 0xc0, 0xd0, 0x2f, 0x03, 0x98,
    0x0c, 0x60, 0xcf, 0x15, 0xd4, 0xf6, 0x2b, 0xe0, 0xe7, 0xf3, 0xce, 0x52, 0x10, 0x31, 0x00, 0x3d,
    0x43, 0xc0, 0x62, 0x01, 0x48, 0xf4, 0x00, 0x00, 0x02, 0x00, 0x00, 0x00, 0x01, 0x19, 0x97, 0x89,
    0x16, 0x02, 0x58, 0xff, 0xab, 0xfb, 0xaf, 0x06, 0xd0, 0x6f, 0x02, 0x18, 0xff, 0x00, 0xfe, 0x34,
    0x80, 0x43, 0x00, 0xf6, 0xaf, 0x6e, 0x53, 0x90, 0x71, 0xfc, 0xef, 0x78, 0xa0, 0xc3, 0xaf, 0x10,
    0x91, 0x03, 0x68, 0xef, 0x00, 0xfe, 0x19, 0x84, 0xd5, 0xaf, 0x00, 0x92, 0xef, 0xf2, 0xde, 0x68,
    0xf0, 0x41, 0x00, 0x00, 0x1e, 0x40, 0x61, 0x31, 0x48, 0xf8, 0x00, 0x00, 0x95, 0x28, 0x00, 0x00,
    0x11, 0x06, 0x3c, 0xa0, 0x5c, 0xc6, 0xf9, 0xa1, 0xf7, 0xfc, 0xa1, 0x5c, 0xe6, 0xf9, 0x12, 0x06,
    0x2e, 0x60, 0x7f, 0x01, 0x23, 0x40, 0x81, 0x31, 0x50, 0xf8, 0x00, 0x00, 0x96, 0x28, 0x11, 0x00,
    0x32, 0x07, 0x0a, 0xfe, 0x5f, 0x3e, 0x93, 0xf6, 0x71, 0x78, 0x66, 0xaf, 0xe1, 0xff, 0xf6, 0x53,
    0x8d, 0x1f, 0x32, 0x0e, 0x41, 0xe0, 0x01, 0x00, 0x23, 0xc0, 0x61, 0x21, 0x48, 0xf8, 0x00, 0x00,
    0x97, 0x2e, 0x00, 0x00, 0x07, 0x2e, 0x77, 0xd0, 0x80, 0x7e, 0xd0, 0x50, 0x7f, 0xd0, 0x50, 0x7f,
    0xb0, 0xa0, 0x0e, 0x58, 0xbd, 0xfe, 0x08, 0x58, 0xed, 0x7b, 0x01, 0x00, 0x35, 0xc0, 0x62, 0x01,
    0x48, 0xf8, 0x00, 0x00, 0x00, 0x00, 0x00, 0x00, 0x07, 0x07, 0x02, 0x7e, 0x7c, 0xb0, 0x50, 0x0f,
    0x54, 0xb6, 0xc7, 0x0e, 0x6a, 0xcf, 0x5e, 0x70, 0xc5, 0xbb, 0xaa, 0x70, 0xc2, 0xfa, 0xcd, 0xdc,
    0x3f, 0x80, 0xf1, 0x04, 0x40, 0x1f, 0x03, 0xfa, 0x9e, 0xe9, 0x4f, 0xa0, 0xe6, 0xff, 0x6d, 0x07,
    0x03, 0x00, 0x00, 0x00, 0x38, 0xc0, 0x62, 0x01, 0x48, 0xf8, 0x00, 0x00, 0x98, 0x00, 0x00, 0x00,
    0x17, 0x11, 0x0e, 0x7a, 0xdf, 0x1f, 0x24, 0xe7, 0xcd, 0x73, 0x04, 0xae, 0x49, 0xf0, 0x25, 0x19,
    0x3d, 0xe9, 0xa0, 0xf7, 0xf8, 0x01, 0x11, 0xf2, 0x15, 0xd1, 0xf5, 0x21, 0x80, 0xf1, 0x05, 0x50,
    0x1f, 0x03, 0xf1, 0xe1, 0xf1, 0x04, 0x5a, 0xfd, 0xdf, 0x74, 0x30, 0x00, 0x2f, 0x40, 0x62, 0x11,
    0x48, 0xf8, 0x00, 0x00, 0x27, 0x0b, 0x00, 0x00, 0x41, 0x07, 0x0f, 0xa1, 0x27, 0x0e, 0x7a, 0x8f,
    0x1f, 0xea, 0xbb, 0xfe, 0xb3, 0x09, 0x9a, 0x00, 0x7f, 0x04, 0xaa, 0x09, 0xf1, 0x43, 0x10, 0x15,
    0xe0, 0x9f, 0x63, 0x04, 0xcf, 0xf4, 0x1f, 0x03, 0x1f, 0x64, 0x0f, 0x75, 0x44, 0xc0, 0x82, 0x01,
    0x50, 0xf8, 0x00, 0x00, 0x9a, 0x00, 0x11, 0x00, 0x03, 0x26, 0x03, 0x6f, 0xf6, 0x1f, 0x02, 0x4f,
    0xc2, 0xff, 0xc2, 0x02, 0x5f, 0x02, 0x2d, 0x1f, 0x02, 0x28, 0xfb, 0x00, 0xa1, 0xff, 0x21, 0xb0,
    0xfd, 0x06, 0x25, 0x8f, 0x1c, 0x00, 0x5d, 0x10, 0xf8, 0x5d, 0xf4, 0x1c, 0x80, 0x03, 0x50, 0x1f,
    0x00, 0x5d, 0xdf, 0x03, 0x6e, 0x3f, 0xd0, 0xf6, 0x21, 0xe0, 0x31, 0x04, 0x8e, 0x71, 0x30, 0x00,
    0x41, 0xc0, 0x82, 0x01, 0x50, 0xf4, 0x00, 0x00, 0x9b, 0x00, 0x11, 0x00, 0x01, 0x7e, 0x2b, 0xe0,
    0x98, 0x03, 0x49, 0x7f, 0x52, 0x7f, 0x04, 0x6b, 0xfd, 0x8e, 0x03, 0x4d, 0x16, 0x03, 0x51, 0x01,
    0x3d, 0xbf, 0x02, 0x9d, 0x7f, 0x02, 0x89, 0x6f, 0x50, 0xbf, 0x04, 0xca, 0x4f, 0xee, 0x41, 0xf0,
    0x22, 0xff, 0x63, 0xd0, 0xf9, 0x47, 0x10, 0xd3, 0xf7, 0x4b, 0xf0, 0x21, 0xff, 0x6a, 0x10, 0x71,
    0xf0, 0x08, 0x10, 0x05, 0x30, 0xc0, 0x82, 0x01, 0x40, 0xf8, 0x00, 0x00, 0x12, 0x00, 0x05, 0x00,
    0x07, 0x03, 0xdf, 0xf7, 0xec, 0x00, 0x69, 0xeb, 0xed, 0x07, 0x01, 0x5e, 0x7e, 0x10, 0xc0, 0xe5,
    0x36, 0x07, 0x5c, 0xff, 0x79, 0xc0, 0xe5, 0x46, 0x07, 0x5b, 0x0e, 0x80, 0xb6, 0xcb, 0x0e, 0xd0,
    0xf7, 0xef, 0x07, 0x05, 0x3a, 0xc0, 0x62, 0x01, 0x48, 0xf8, 0x00, 0x00, 0x00, 0x00, 0x00, 0x00,
    0x07, 0x07, 0x01, 0x1c, 0xd7, 0x41, 0xb0, 0xb4, 0xff, 0x2d, 0x80, 0x81, 0xfe, 0xbf, 0x03, 0x08,
    0xb3, 0xff, 0x5c, 0xfd, 0x27, 0x80, 0xfa, 0x4e, 0x00, 0x7d, 0x02, 0x38, 0xfa, 0xcf, 0xd6, 0x47,
    0x90, 0x71, 0xfd, 0xcf, 0x63, 0xb0, 0xa4, 0xff, 0x7d, 0xc0, 0x71, 0x1d, 0x07, 0x02, 0xf6, 0x76,
    0x38, 0xc0, 0x62, 0x01, 0x48, 0xf4, 0x00, 0x00, 0x00, 0x00, 0x00, 0x00, 0x0f, 0xa7, 0x6b, 0x10,
    0xdf, 0xa5, 0x6b, 0x10, 0x8f, 0x07, 0x1d, 0x8f, 0x07, 0x1d, 0xdf, 0xa3, 0x99, 0x05, 0x10, 0xdf,
    0xa3, 0xc9, 0x7f, 0x10, 0x8f, 0x04, 0xba, 0x0e, 0xf1, 0x48, 0xa0, 0xf9, 0x10, 0xaf, 0x43, 0x6b,
    0xbf, 0x10, 0xf6, 0xbe, 0x11, 0x50, 0x31, 0x00, 0x3e, 0xc0, 0x62, 0x01, 0x48, 0xf4, 0x00, 0x00,
    0x00, 0x00, 0x00, 0x00, 0x0f, 0xa4, 0x98, 0x17, 0x00, 0xf1, 0x3c, 0x1a, 0x1e, 0xd0, 0xf1, 0x36,
    0x90, 0xf3, 0x05, 0xf1, 0x36, 0x90, 0xf2, 0x06, 0xf1, 0x3b, 0x99, 0xfc, 0x01, 0xf1, 0x3d, 0x9b,
    0xfc, 0x07, 0xf1, 0x46, 0xa0, 0xfa, 0x10, 0x6f, 0x04, 0x8a, 0x0f, 0xf1, 0x38, 0xb4, 0xe5, 0x0b,
    0x61, 0xef, 0x2c, 0x01, 0x15, 0x03, 0x00, 0x00, 0x2e, 0xc0, 0x62, 0x01, 0x48, 0xf8, 0x00, 0x00,
    0x02, 0x00, 0x00, 0x00, 0x1f, 0x27, 0x2d, 0xa0, 0xf7, 0xfc, 0xa1, 0x7d, 0xf9, 0x10, 0x7a, 0xf0,
    0x10, 0x7a, 0xf0, 0x10, 0x7a, 0xf0, 0x10, 0x7a, 0xf0, 0x10, 0x7a, 0xf0, 0x10, 0x7a, 0xf0, 0x10,
    0x7a, 0xf0, 0x10, 0x71, 0xf0, 0x00, 0x00, 0x00, 0x3c, 0xc0, 0x82, 0x01, 0x40, 0xf8, 0x00, 0x00,
    0x12, 0x00, 0x05, 0x00, 0x07, 0x0f, 0x11, 0x07, 0x0b, 0xf5, 0x9f, 0x05, 0x18, 0xb4, 0x6e, 0x73,
    0x19, 0xea, 0xec, 0xf2, 0xe8, 0x00, 0xed, 0xcd, 0x8b, 0x7a, 0x64, 0x0e, 0xd0, 0x6f, 0x05, 0x5a,
    0x0e, 0xd0, 0x56, 0xe0, 0xe5, 0x01, 0xd1, 0xb5, 0xcb, 0x0e, 0xa0, 0xc6, 0xdc, 0x6e, 0x74, 0xc0,
    0xf5, 0x9f, 0x07, 0x03, 0x31, 0xc0, 0x62, 0x01, 0x48, 0xf4, 0x00, 0x00, 0x00, 0x00, 0x00, 0x00,
    0x0f, 0xa7, 0xab, 0x10, 0xdf, 0xa6, 0x0c, 0xf1, 0x79, 0xd0, 0xf1, 0x79, 0xd0, 0xf1, 0x5c, 0xd6,
    0x02, 0x11, 0x5f, 0xbe, 0x05, 0xf1, 0x79, 0xd0, 0xf1, 0x79, 0xd0, 0xf1, 0x6b, 0xe4, 0x10, 0xf7,
    0xff, 0x01, 0x17, 0x1e, 0x00, 0x00, 0x00, 0x00, 0x3f, 0xc0, 0x62, 0x01, 0x48, 0xf8, 0x00, 0x00,
    0x00, 0x00, 0x00, 0x00, 0x07, 0x02, 0x9e, 0x5a, 0x80, 0xc4, 0x71, 0xbf, 0x28, 0x08, 0xb3, 0xdf,
    0x00, 0x85, 0xea, 0xcf, 0xdf, 0x05, 0x0e, 0x21, 0xd2, 0xfb, 0x28, 0xe2, 0xa0, 0xf7, 0xfd, 0x21,
    0x32, 0xbd, 0x9f, 0x32, 0x01, 0x48, 0xd9, 0xcf, 0xcf, 0x14, 0x80, 0xf7, 0x9c, 0x03, 0xb3, 0xfb,
    0x0c, 0xa9, 0x05, 0x4d, 0x1c, 0x07, 0x02, 0x00, 0x3f, 0xc0, 0x62, 0x01, 0x48, 0xf4, 0x00, 0x00,
    0x9d, 0x00, 0x00, 0x00, 0x08, 0x51, 0x98, 0x79, 0x34, 0x10, 0x8f, 0xbd, 0xdb, 0xff, 0x05, 0x0d,
    0x17, 0x03, 0x2f, 0xf1, 0x07, 0x5d, 0xef, 0x03, 0xc1, 0xdb, 0xff, 0x4d, 0x02, 0x1f, 0xf3, 0xdd,
    0x18, 0x03, 0x31, 0x4b, 0xb6, 0xcf, 0x07, 0x08, 0xff, 0x10, 0x9e, 0x85, 0x43, 0xc6, 0xbf, 0x00,
    0xae, 0x3e, 0xef, 0x7d, 0x05, 0x11, 0x04, 0xe7, 0x32, 0xc0, 0x62, 0x01, 0x48, 0xf8, 0x00, 0x00,
    0x00, 0x00, 0x00, 0x00, 0x0f, 0x17, 0x1d, 0xa0, 0xf7, 0xfd, 0x81, 0xd4, 0xeb, 0xff, 0x1d, 0x04,
    0x2c, 0xee, 0x52, 0xc0, 0xe1, 0x3f, 0x05, 0x1c, 0xfd, 0x64, 0xd0, 0xfc, 0x65, 0xd0, 0xfb, 0x56,
    0xe0, 0xe8, 0xf1, 0xe5, 0x1e, 0x7a, 0xef, 0x1f, 0x07, 0x02, 0x48, 0x2f, 0x44, 0xc0, 0xc2, 0x01,
    0x60, 0xf8, 0x00, 0x00, 0x26, 0x00, 0x03, 0x00, 0x03, 0x17, 0x1f, 0x03, 0xaf, 0xf7, 0xfe, 0x21,
    0xf0, 0x48, 0x8d, 0xfe, 0xdf, 0x21, 0x4e, 0x04, 0x28, 0xee, 0x02, 0x10, 0xfc, 0x3f, 0xc0, 0xe1,
    0x3f, 0x03, 0x18, 0x2f, 0x00, 0xd1, 0xff, 0x44, 0x80, 0xf8, 0x01, 0xc0, 0x5f, 0x04, 0x28, 0x7f,
    0x00, 0xfb, 0x66, 0xc0, 0x02, 0xe8, 0xf1, 0xe5, 0x1f, 0x02, 0xaf, 0xf7, 0xfe, 0x71, 0x50, 0x00,
    0x38, 0xc0, 0x62, 0x01, 0x48, 0xf8, 0x00, 0x00, 0x00, 0x00, 0x00, 0x00, 0x1f, 0x27, 0x2d, 0xa0,
    0xf7, 0xfd, 0x71, 0xb2, 0xde, 0x3f, 0x4b, 0xe0, 0xe7, 0x07, 0x0c, 0xfd, 0x5c, 0x80, 0xe7, 0xcf,
    0xcf, 0x01, 0x08, 0xd1, 0xff, 0x0a, 0x89, 0xdf, 0x01, 0xf8, 0x3b, 0x02, 0x9a, 0xdf, 0x90, 0x5c,
    0xb0, 0xf8, 0x81, 0x69, 0xe0, 0x18, 0x07, 0x02, 0x2e, 0xc0, 0x62, 0x01, 0x48, 0xf8, 0x00, 0x00,
    0x00, 0x00, 0x00, 0x00, 0x07, 0x07, 0x02, 0x6c, 0x0f, 0x53, 0xb5, 0xe6, 0x0c, 0x6a, 0xbf, 0x3e,
    0xa0, 0x4b, 0xf3, 0x22, 0xe0, 0x9a, 0x07, 0x0d, 0x9a, 0x07, 0x0d, 0x9a, 0x07, 0x0d, 0xda, 0x87,
    0x0e, 0x7a, 0xef, 0x1f, 0x07, 0x02, 0x00, 0x00, 0x34, 0xc0, 0x62, 0x01, 0x48, 0xf8, 0x00, 0x00,
    0x00, 0x00, 0x00, 0x00, 0x0f, 0x17, 0x1d, 0xa0, 0xf7, 0xf9, 0x71, 0xff, 0x7d, 0x64, 0x01, 0x2b,
    0xfa, 0x6e, 0x07, 0x3b, 0xfc, 0x4d, 0x07, 0x9d, 0xaf, 0x05, 0x3b, 0xfc, 0x4e, 0x03, 0x3b, 0xfb,
    0x6e, 0x04, 0x7c, 0xff, 0x5d, 0xe7, 0xa0, 0xf7, 0xfe, 0x71, 0x20, 0x00, 0x32, 0xc0, 0x62, 0x01,
    0x48, 0xf8, 0x00, 0x00, 0x00, 0x00, 0x00, 0x00, 0x0f, 0x17, 0x1d, 0xa0, 0xf7, 0xfd, 0x81, 0xd2,
    0xee, 0x3f, 0xfd, 0x31, 0xe0, 0xc8, 0x07, 0x0d, 0xc8, 0x07, 0x0d, 0xc8, 0x07, 0x0d, 0xc8, 0x07,
    0x0d, 0xc8, 0x04, 0x8f, 0xd2, 0xee, 0x3f, 0xed, 0xa1, 0xf7, 0xfe, 0x71, 0x20, 0x00, 0x00, 0x00,
    0x3c, 0xc0, 0x62, 0x01, 0x48, 0xf8, 0x00, 0x00, 0x00, 0x00, 0x00, 0x00, 0x07, 0x04, 0x59, 0xfc,
    0xef, 0x18, 0x02, 0x78, 0xff, 0xbc, 0xfe, 0xad, 0x01, 0xf2, 0x1b, 0x02, 0x7a, 0x9f, 0x70, 0x5f,
    0xb0, 0xfa, 0x90, 0x5c, 0xb0, 0xf6, 0x80, 0x5f, 0xa0, 0xf9, 0x30, 0xaf, 0x03, 0x58, 0xaf, 0x00,
    0xf7, 0x1e, 0xca, 0xfd, 0x1d, 0x02, 0x49, 0xfc, 0xdf, 0x18, 0x07, 0x04, 0x2d, 0xc0, 0x62, 0x01,
    0x48, 0xf8, 0x00, 0x00, 0x00, 0x00, 0x00, 0x00, 0x0f, 0x17, 0x1d, 0xa0, 0xf7, 0xfc, 0xa1, 0x7e,
    0xda, 0xa0, 0x7d, 0xd0, 0xa0, 0x7d, 0xd0, 0xa0, 0x7d, 0xd0, 0xa0, 0x7d, 0xd0, 0xa0, 0x7d, 0xd0,
    0xa0, 0x7f, 0xea, 0xa0, 0xf7, 0xfe, 0x71, 0x20, 0x00, 0x00, 0x00, 0x00, 0x38, 0xc0, 0x62, 0x01,
    0x48, 0xf8, 0x00, 0x00, 0x00, 0x00, 0x00, 0x00, 0x0f, 0x17, 0x1d, 0xa0, 0xf7, 0xf8, 0xa1, 0x9e,
    0xc9, 0x3e, 0x99, 0xa0, 0x0c, 0x80, 0x4d, 0xa0, 0xca, 0x00, 0xd8, 0x04, 0xaa, 0x0c, 0x80, 0x4d,
    0xa0, 0xc9, 0x00, 0xd8, 0x04, 0x8a, 0x0e, 0xa0, 0x4c, 0xa0, 0xf3, 0xbc, 0x7f, 0x05, 0x6c, 0xfe,
    0x7a, 0x70, 0xf0, 0x00, 0x3b, 0xc0, 0x62, 0x01, 0x48, 0xf8, 0x00, 0x00, 0x00, 0x00, 0x00, 0x00,
    0x07, 0x04, 0x8e, 0x2d, 0xef, 0x4b, 0x02, 0xcf, 0xf2, 0xef, 0xf2, 0x5a, 0x50, 0x9f, 0x21, 0xa0,
    0xe4, 0x0d, 0xd9, 0x05, 0x6b, 0x0f, 0xa9, 0x05, 0x4b, 0x1f, 0xa9, 0x05, 0x4a, 0x1f, 0xe8, 0x41,
    0x90, 0xf9, 0x30, 0xff, 0x22, 0x80, 0xfc, 0x0a, 0x60, 0x2e, 0x02, 0xcd, 0x1a, 0x07, 0x03, 0x00,
    0x2a, 0xc0, 0x62, 0x01, 0x48, 0xf8, 0x00, 0x00, 0x00, 0x00, 0x00, 0x00, 0x07, 0x02, 0xa1, 0x07,
    0x0f, 0xa1, 0x07, 0x0f, 0xa1, 0x07, 0x0d, 0xca, 0x57, 0x0e, 0x7a, 0xcf, 0x1f, 0xda, 0x87, 0x0f,
    0xa1, 0x07, 0x0f, 0xa1, 0x07, 0x0f, 0xa1, 0x07, 0x07, 0x03, 0x05, 0xfe, 0x3a, 0xc0, 0x62, 0x01,
    0x48, 0xf8, 0x00, 0x00, 0x00, 0x00, 0x00, 0x00, 0x07, 0x0b, 0x01, 0x57, 0x05, 0x79, 0x1f, 0xfa,
    0x5d, 0x03, 0x78, 0x1f, 0xe6, 0xff, 0xbd, 0x05, 0xd2, 0x2f, 0x80, 0xe7, 0xff, 0xfd, 0xaf, 0x03,
    0x1e, 0x2d, 0xff, 0x38, 0xa0, 0xe6, 0xff, 0x1a, 0x02, 0x3a, 0xfc, 0xcf, 0x43, 0xc0, 0xfa, 0x5d,
    0x06, 0x8e, 0x77, 0x70, 0x30, 0x40, 0x8f, 0x04, 0x3a, 0xc0, 0x62, 0x01, 0x48, 0xf8, 0x00, 0x00,
    0x00, 0x00, 0x00, 0x00, 0x07, 0x05, 0x7b, 0xff, 0x2c, 0x04, 0x6a, 0xef, 0xfd, 0x4e, 0x80, 0xbf,
    0x00, 0xf3, 0x08, 0x0b, 0x62, 0x6f, 0x42, 0xbb, 0x4c, 0xa0, 0xf7, 0xfa, 0x21, 0xf6, 0x26, 0xd3,
    0xcb, 0x23, 0x90, 0xbf, 0x00, 0xf3, 0x39, 0x90, 0xf7, 0xef, 0xff, 0x41, 0xb0, 0xe8, 0xcf, 0x73,
    0x50, 0x00, 0x11, 0x04, 0x3e, 0xc0, 0x62, 0x01, 0x48, 0xf8, 0x00, 0x00, 0x02, 0x00, 0x00, 0x00,
    0x07, 0x02, 0x7e, 0x53, 0xa0, 0xb1, 0x91, 0x7f, 0x03, 0x48, 0xfe, 0x11, 0xfb, 0xab, 0x01, 0xf9,
    0x4e, 0x02, 0x79, 0xef, 0xfd, 0x1b, 0x04, 0x9c, 0xff, 0x4d, 0x80, 0xb1, 0xdf, 0xfb, 0x2d, 0x01,
    0x48, 0xfe, 0x09, 0x70, 0xaf, 0x6f, 0xa0, 0x4e, 0x03, 0x3a, 0xfe, 0x51, 0x51, 0xd0, 0xb1, 0x71,
    0x20, 0x80, 0x0a, 0x20, 0x32, 0xc0, 0x82, 0x01, 0x40, 0xf8, 0x00, 0x00, 0x12, 0x00, 0x05, 0x00,
    0x0f, 0x17, 0x02, 0xdf, 0xf7, 0xec, 0x00, 0x68, 0xeb, 0xec, 0x07, 0x01, 0x5e, 0x7e, 0x10, 0xe0,
    0xe5, 0x07, 0x01, 0x5b, 0x0e, 0x70, 0x96, 0xbb, 0x0e, 0xd0, 0xf7, 0xef, 0x01, 0x17, 0x6c, 0xbf,
    0x76, 0xc0, 0xf5, 0x9f, 0x07, 0x03, 0x8f, 0xe6, 0x30, 0xc0, 0x62, 0x01, 0x48, 0xf8, 0x00, 0x00,
    0x00, 0x00, 0x00, 0x00, 0x07, 0x02, 0xaf, 0xf3, 0xbf, 0x04, 0x8f, 0xd2, 0xed, 0x8f, 0x07, 0x0f,
    0xc1, 0x07, 0x0d, 0xe8, 0x07, 0x0d, 0xe8, 0x07, 0x0d, 0xdb, 0x07, 0x1d, 0x8f, 0x03, 0x8f, 0xe3,
    0xff, 0xe3, 0x1e, 0x7a, 0xef, 0x1f, 0x07, 0x02, 0x29, 0x40, 0x62, 0x11, 0x48, 0xf8, 0x00, 0x00,
    0x27, 0x0b, 0x00, 0x00, 0x4f, 0x77, 0x7d, 0x80, 0xe7, 0xfe, 0x71, 0xe0, 0xf2, 0x11, 0x36, 0x5c,
    0x1f, 0x7a, 0xff, 0x1f, 0x61, 0xd2, 0xf4, 0x71, 0xc0, 0xf2, 0x91, 0xe7, 0xfd, 0x41, 0x77, 0x7e,
    0xe0, 0xff, 0x08, 0xf4, 0x2e, 0x40, 0x82, 0x11, 0x40, 0xf8, 0x00, 0x00, 0x28, 0x2b, 0x05, 0x00,
    0xbf, 0xe7, 0xdc, 0x00, 0x67, 0xe9, 0xeb, 0x07, 0x01, 0x5b, 0x0e, 0x80, 0xa6, 0xcb, 0x0e, 0xa0,
    0xd6, 0xe1, 0x07, 0x01, 0x5b, 0x0e, 0x70, 0x86, 0xbb, 0x0e, 0xc0, 0xf7, 0xfd, 0x59, 0x07, 0x5c,
    0xee, 0x88, 0xf9, 0x00, 0x35, 0xc0, 0x62, 0x01, 0x48, 0xf4, 0x00, 0x00, 0x00, 0x00, 0x00, 0x00,
    0x0f, 0xa3, 0x6f, 0x05, 0x92, 0xfe, 0x7a, 0xd0, 0xf0, 0x7a, 0xc0, 0xf0, 0x1a, 0x07, 0xf3, 0xae,
    0x41, 0xa0, 0xbf, 0x63, 0xaf, 0x04, 0xfa, 0x0a, 0xd0, 0x4f, 0xa0, 0xaf, 0x00, 0xfd, 0x04, 0xfa,
    0x3b, 0xf8, 0x4a, 0x30, 0xef, 0x1a, 0x04, 0x12, 0x03, 0x03, 0x8a, 0xfc, 0x39, 0xc0, 0x62, 0x01,
    0x48, 0xf8, 0x00, 0x00, 0x00, 0x00, 0x00, 0x00, 0x0f, 0x17, 0x1d, 0xa0, 0xf7, 0xf8, 0x61, 0xaa,
    0xfb, 0x1b, 0xda, 0xfb, 0x21, 0x80, 0xf1, 0x03, 0x30, 0x1f, 0x02, 0x19, 0x3f, 0x00, 0xf4, 0x04,
    0xfa, 0x09, 0x90, 0x4e, 0xa0, 0xfa, 0xdd, 0x9f, 0x04, 0x18, 0xfb, 0xae, 0x00, 0x76, 0xda, 0x0a,
    0x7a, 0xef, 0x1f, 0x07, 0x02, 0xac, 0xe8, 0x2c, 0x39, 0xc0, 0x62, 0x01, 0x48, 0xf4, 0x00, 0x00,
    0x00, 0x00, 0x00, 0x00, 0x1d, 0x7a, 0x07, 0x2d, 0xcf, 0x07, 0x2d, 0xcf, 0x07, 0x2d, 0xcf, 0x12,
    0x04, 0x2f, 0xf5, 0xd9, 0x07, 0x20, 0xcf, 0x32, 0x68, 0xfd, 0x0a, 0xf2, 0x3c, 0x90, 0xf1, 0x0f,
    0xf2, 0x3c, 0x80, 0xf1, 0x0e, 0xf2, 0x3c, 0x38, 0x64, 0xfd, 0x09, 0x52, 0xef, 0x7d, 0x02, 0x13,
    0x05, 0xaf, 0xfa, 0xf0, 0x3e, 0xc0, 0x62, 0x01, 0x48, 0xf4, 0x00, 0x00, 0x00, 0x00, 0x00, 0x00,
    0x02, 0x4b, 0x87, 0x16, 0x03, 0x18, 0xfc, 0xbc, 0xfe, 0x26, 0xd0, 0xec, 0x23, 0x90, 0xf9, 0x04,
    0x20, 0x43, 0xe0, 0xcd, 0x02, 0x1f, 0x94, 0xde, 0x2f, 0xf0, 0x42, 0xea, 0xfe, 0x07, 0x0d, 0xeb,
    0x01, 0xb1, 0x03, 0x28, 0xaf, 0x00, 0xf6, 0xaa, 0x34, 0xe6, 0x1e, 0x02, 0x5e, 0x2c, 0xef, 0x2a,
    0x07, 0x04, 0x00, 0x00, 0x3c, 0xc0, 0x62, 0x01, 0x48, 0xf8, 0x00, 0x00, 0x00, 0x00, 0x00, 0x00,
    0x0f, 0x17, 0x1d, 0xa0, 0xf7, 0xfd, 0x41, 0x62, 0xbe, 0x3e, 0x26, 0xe0, 0xe7, 0xf2, 0xbe, 0x23,
    0x80, 0xfd, 0x6a, 0x75, 0xfc, 0x5b, 0x70, 0x2f, 0x04, 0xab, 0x0e, 0xb9, 0x05, 0x5a, 0x0f, 0xf7,
    0x43, 0x80, 0xeb, 0x00, 0xfd, 0x8b, 0x7b, 0xd9, 0x6f, 0x02, 0x69, 0xec, 0xef, 0x3a, 0x07, 0x04,
    0x3d, 0xc0, 0x62, 0x01, 0x48, 0xf8, 0x00, 0x00, 0x00, 0x00, 0x00, 0x00, 0x07, 0x04, 0x5d, 0x26,
    0x02, 0x2b, 0x1b, 0xc0, 0xf2, 0x58, 0x80, 0xff, 0x51, 0xef, 0x79, 0xe2, 0xf8, 0x3c, 0x90, 0x0c,
    0xc0, 0xf6, 0x5e, 0x02, 0x9a, 0x0a, 0x40, 0x4f, 0x10, 0x1a, 0xe0, 0xf4, 0x04, 0xa1, 0x01, 0x4e,
    0x4f, 0xa0, 0xea, 0xaa, 0xfb, 0xa3, 0x0e, 0x7a, 0xdf, 0x1f, 0x70, 0xe1, 0x01, 0x00, 0x00, 0x00,
    0x30, 0x40, 0x22, 0x11, 0x38, 0xf8, 0x00, 0x00, 0x01, 0x02, 0x01, 0x00, 0x07, 0x01, 0xb8, 0x12,
    0xfb, 0x4e, 0xc0, 0xf3, 0x93, 0xf2, 0xe8, 0x50, 0x0f, 0xad, 0x80, 0xf5, 0x60, 0x0e, 0x5f, 0x08,
    0xf3, 0x50, 0x4f, 0xaf, 0x36, 0xda, 0x10, 0xf6, 0x01, 0x3e, 0x29, 0xda, 0xeb, 0x71, 0xf0, 0x00,
    0x39, 0x40, 0x82, 0x11, 0x50, 0xf8, 0x00, 0x00, 0x29, 0x02, 0x04, 0x00, 0x07, 0x06, 0x8e, 0x2d,
    0xef, 0x8e, 0x03, 0x8f, 0xf2, 0xdb, 0xec, 0x7f, 0x02, 0xec, 0xfd, 0x25, 0x80, 0xea, 0x00, 0xf2,
    0xf8, 0x03, 0x58, 0x0f, 0x50, 0x4f, 0xff, 0x25, 0x80, 0xeb, 0x00, 0xda, 0xc0, 0xf8, 0xde, 0xff,
    0x07, 0x80, 0x6a, 0x10, 0xea, 0xdf, 0x6f, 0x07, 0x05, 0x00, 0x00, 0x00, 0x2f, 0x40, 0x22, 0x11,
    0x38, 0xf8, 0x00, 0x00, 0x01, 0x02, 0x01, 0x00, 0x07, 0x0e, 0x66, 0x8f, 0x61, 0xcf, 0xfe, 0xdc,
    0xf8, 0x61, 0x0f, 0xf6, 0x80, 0xf4, 0x51, 0x0f, 0xf6, 0x08, 0xf4, 0x41, 0x5f, 0x9b, 0x2f, 0xf7,
    0x00, 0x4e, 0x8f, 0x0c, 0x20, 0x89, 0xf9, 0xde, 0x73, 0x10, 0x80, 0x6f, 0x21, 0x40, 0x22, 0x11,
    0x38, 0xf8, 0x00, 0x00, 0x01, 0x02, 0x01, 0x00, 0x07, 0x0e, 0x66, 0xdf, 0x61, 0x5f, 0xd9, 0x60,
    0x6f, 0xe0, 0xf6, 0x06, 0x6e, 0x6f, 0xe0, 0xf6, 0x06, 0x6e, 0x7f, 0x70, 0x00, 0x00, 0x00, 0x00,
    0x34, 0x40, 0x42, 0x11, 0x30, 0xf8, 0x00, 0x00, 0x9f, 0x10, 0x12, 0x00, 0x05, 0x4c, 0xcc, 0x47,
    0x80, 0xb3, 0xdf, 0x68, 0xcb, 0xdf, 0xf2, 0xe8, 0x00, 0xf9, 0xde, 0x1b, 0xb8, 0x0e, 0x90, 0x3a,
    0xa0, 0xe6, 0x00, 0xa9, 0x03, 0x6a, 0x0e, 0x90, 0x3f, 0xbe, 0xef, 0x00, 0x46, 0xcb, 0xfd, 0x8d,
    0x05, 0x4c, 0xcc, 0xf7, 0x2f, 0x40, 0x22, 0x11, 0x38, 0xf4, 0x00, 0x00, 0x01, 0x02, 0x01, 0x00,
    0x02, 0x4d, 0x45, 0x03, 0x3e, 0x2e, 0x8f, 0x3e, 0x00, 0xfc, 0x06, 0x4d, 0xdf, 0x01, 0xf6, 0x01,
    0xf1, 0x44, 0x01, 0xea, 0x1f, 0x00, 0x22, 0x90, 0xf9, 0x3a, 0xf6, 0x2b, 0xf0, 0x29, 0xef, 0x2c,
    0x04, 0x1f, 0x03, 0x4a, 0x34, 0x40, 0x22, 0x11, 0x38, 0xf8, 0x00, 0x00, 0x04, 0x2b, 0x01, 0x00,
    0x3e, 0x48, 0x80, 0x17, 0xf5, 0x26, 0x30, 0xd8, 0x1f, 0xa0, 0xff, 0x8b, 0xcf, 0x03, 0x31, 0xb3,
    0xfa, 0x3a, 0x03, 0x66, 0x8f, 0x01, 0x22, 0xfa, 0x2a, 0x28, 0x00, 0xe9, 0xaf, 0x8f, 0x3d, 0x50,
    0x7f, 0x02, 0x2a, 0xfc, 0x31, 0x48, 0xe0, 0x17, 0x32, 0x40, 0x22, 0x11, 0x38, 0xf8, 0x00, 0x00,
    0x01, 0x02, 0x01, 0x00, 0x07, 0x01, 0xee, 0x29, 0x10, 0x8c, 0x20, 0x3f, 0x52, 0x71, 0xf8, 0x50,
    0x0f, 0xf9, 0x83, 0xf5, 0x50, 0x0f, 0xf9, 0x38, 0xf4, 0x31, 0x2f, 0x8b, 0x5f, 0xf6, 0x00, 0xcf,
    0xff, 0xd2, 0xc8, 0x00, 0xf6, 0x3b, 0xee, 0x3e, 0x07, 0x01, 0x93, 0x7f, 0x2a, 0x40, 0x22, 0x11,
    0x38, 0xf8, 0x00, 0x00, 0x01, 0x02, 0x01, 0x00, 0x07, 0x0e, 0x66, 0xef, 0x41, 0xb3, 0xec, 0xff,
    0x31, 0xc0, 0xf9, 0x4e, 0x02, 0x2b, 0xfd, 0x1b, 0x02, 0x6c, 0xff, 0x37, 0xc0, 0xf5, 0xef, 0xb3,
    0x0e, 0x66, 0xff, 0x71, 0xf0, 0x00, 0x00, 0x00, 0x35, 0x40, 0x82, 0x11, 0x50, 0xf8, 0x00, 0x00,
    0xa1, 0x02, 0x11, 0x00, 0x07, 0x03, 0x9c, 0x07, 0x66, 0xbf, 0xa1, 0x8f, 0x34, 0x9b, 0xfe, 0x1f,
    0x60, 0x3d, 0x80, 0xf9, 0x4e, 0x00, 0xf2, 0x01, 0x3b, 0xfd, 0x1b, 0x02, 0x59, 0x0e, 0xf7, 0x6f,
    0x03, 0x89, 0x8f, 0xf5, 0xef, 0xc3, 0x0b, 0x7a, 0x60, 0xf6, 0x1f, 0x07, 0x03, 0x00, 0x00, 0x00,
    0x2e, 0x40, 0x22, 0x11, 0x38, 0xf8, 0x00, 0x00, 0x09, 0x0b, 0x01, 0x00, 0x2f, 0x66, 0x0e, 0x66,
    0x1f, 0x11, 0xd5, 0xf6, 0x16, 0x35, 0xd0, 0xf7, 0x31, 0x80, 0xe5, 0xff, 0x1b, 0x00, 0x28, 0xbf,
    0x34, 0xde, 0xd2, 0x50, 0x2f, 0xa0, 0xd2, 0x0f, 0xa4, 0x03, 0x1d, 0x1c, 0x07, 0x0f, 0x0c, 0xed,
    0x27, 0x40, 0x22, 0x11, 0x38, 0xf8, 0x00, 0x00, 0x04, 0x10, 0x01, 0x00, 0x05, 0x4c, 0x0c, 0x41,
    0xc3, 0xeb, 0x60, 0xf5, 0x6c, 0x60, 0x3f, 0xb6, 0x03, 0x60, 0x6e, 0xe0, 0xe6, 0x06, 0x6e, 0x6e,
    0xe0, 0xf6, 0xe5, 0x1e, 0x64, 0xfc, 0x00, 0x00, 0x2d, 0x40, 0x22, 0x11, 0x38, 0xf8, 0x00, 0x00,
    0x04, 0x10, 0x01, 0x00, 0x4f, 0xc6, 0x0e, 0x26, 0x3f, 0x1e, 0xb1, 0xfa, 0x8f, 0x41, 0xb0, 0xb3,
    0xff, 0x56, 0xd0, 0xf7, 0x3c, 0x80, 0xb3, 0xff, 0x07, 0x20, 0xbb, 0xff, 0x18, 0x02, 0x6f, 0xf2,
    0xe3, 0x1e, 0x64, 0xfc, 0xc0, 0xf3, 0xce, 0x43, 0x29, 0x40, 0x22, 0x11, 0x38, 0xf8, 0x00, 0x00,
    0x01, 0x02, 0x01, 0x00, 0x07, 0x0e, 0x66, 0x9f, 0x31, 0xaa, 0xfb, 0x1b, 0x3a, 0xd0, 0xf4, 0x53,
    0xd0, 0xf4, 0x53, 0xd0, 0xf4, 0x23, 0x80, 0xa3, 0xba, 0xbf, 0xaa, 0x0e, 0x66, 0xff, 0x71, 0xf0,
    0xe0, 0xcc, 0x0e, 0xc6, 0x31, 0x40, 0x22, 0x11, 0x38, 0xf8, 0x00, 0x00, 0x01, 0x02, 0x01, 0x00,
    0x07, 0x01, 0x28, 0xea, 0xdf, 0x19, 0x80, 0xe0, 0xdf, 0xec, 0xaf, 0x0c, 0xf4, 0x25, 0xa0, 0xf9,
    0x50, 0x1f, 0x02, 0x6a, 0x1f, 0xf4, 0x25, 0x80, 0xfa, 0x00, 0xfd, 0xbd, 0xe8, 0xaf, 0x00, 0xa2,
    0xde, 0xef, 0x78, 0x20, 0x40, 0x00, 0xfb, 0x01, 0x26, 0x40, 0x22, 0x11, 0x38, 0xf8, 0x00, 0x00,
    0x16, 0x02, 0x01, 0x00, 0x1f, 0x36, 0x0e, 0x66, 0xcf, 0x61, 0x5f, 0x44, 0x0c, 0xf6, 0x51, 0xd0,
    0xf6, 0x51, 0xd0, 0xf6, 0x51, 0xd0, 0xf6, 0x46, 0xe5, 0x60, 0xf6, 0x11, 0x36, 0x0f, 0x00, 0x00,
    0x2f, 0x40, 0x42, 0x11, 0x30, 0xf8, 0x00, 0x00, 0x2c, 0x02, 0x12, 0x00, 0x07, 0x01, 0x9f, 0xf7,
    0x9d, 0xf6, 0xc3, 0xea, 0xcf, 0x87, 0x3d, 0xa0, 0xf8, 0x00, 0xb9, 0x03, 0x69, 0x0e, 0x70, 0x2e,
    0x02, 0xa8, 0x0d, 0x30, 0xff, 0xce, 0xfd, 0x8f, 0x02, 0x5a, 0xfc, 0xef, 0x78, 0x40, 0x00, 0x00,
    0x31, 0x40, 0x22, 0x11, 0x38, 0xf4, 0x00, 0x00, 0x01, 0x02, 0x01, 0x00, 0x02, 0x4c, 0x55, 0x21,
    0xe0, 0xe3, 0xf3, 0x58, 0x00, 0xfb, 0x06, 0x11, 0x1e, 0x10, 0x2f, 0xa0, 0x43, 0x00, 0xef, 0x06,
    0xe8, 0x1f, 0x00, 0x97, 0x80, 0x90, 0xbf, 0x64, 0xcf, 0x02, 0xaf, 0xf2, 0xce, 0x42, 0xf0, 0x31,
    0xf0, 0x31, 0x00, 0x00, 0x24, 0x40, 0x22, 0x11, 0x38, 0xf8, 0x00, 0x00, 0x01, 0x02, 0x01, 0x00,
    0x07, 0x0c, 0xf6, 0x52, 0xd0, 0xf6, 0x52, 0xd0, 0xf6, 0x45, 0xe4, 0x60, 0xf6, 0x1c, 0xf6, 0x47,
    0xc5, 0x60, 0x2f, 0x05, 0x6d, 0x2f, 0x07, 0x06, 0x31, 0x40, 0x42, 0x11, 0x30, 0xf8, 0x00, 0x00,
    0x2c, 0x02, 0x12, 0x00, 0x07, 0x11, 0x8d, 0x3a, 0x04, 0xe8, 0x89, 0xff, 0x5c, 0x80, 0x10, 0x9f,
    0x20, 0xe8, 0xfa, 0x9e, 0xff, 0x24, 0x80, 0xd3, 0xff, 0x5d, 0x00, 0x5a, 0xfc, 0xcf, 0x25, 0xb0,
    0xf8, 0xbf, 0x43, 0xd0, 0x98, 0x72, 0x70, 0xf0, 0xf0, 0x19, 0xfd, 0xde, 0x3c, 0x40, 0x82, 0x11,
    0x40, 0xf8, 0x00, 0x00, 0x2f, 0x17, 0x05, 0x00, 0x02, 0x2a, 0xa8, 0xab, 0x45, 0x80, 0xf3, 0xbe,
    0xca, 0x6f, 0x03, 0x8e, 0x3e, 0x80, 0xca, 0x00, 0x32, 0xf8, 0x4f, 0x32, 0xcb, 0x3d, 0xd1, 0xf7,
    0xf1, 0x9a, 0x21, 0xf8, 0x23, 0x82, 0xdc, 0x12, 0x00, 0xe8, 0x03, 0x9e, 0x3d, 0x80, 0xf2, 0xbe,
    0xdb, 0x6f, 0x04, 0x2a, 0xb8, 0x9b, 0x24, 0xf0, 0x31, 0x40, 0x22, 0x11, 0x38, 0xf8, 0x00, 0x00,
    0x16, 0x02, 0x01, 0x00, 0x07, 0x0d, 0x75, 0x03, 0x18, 0x1b, 0xf5, 0x2c, 0x80, 0xe5, 0x1f, 0x80,
    0xff, 0xbc, 0xef, 0x25, 0xf0, 0x27, 0x8f, 0x03, 0x10, 0xfa, 0xbf, 0xf1, 0x68, 0x60, 0xcf, 0x02,
    0xb5, 0xfe, 0x51, 0x37, 0xd0, 0xb1, 0x71, 0xf0, 0x00, 0x00, 0x00, 0x00, 0x29, 0x40, 0x42, 0x11,
    0x30, 0xf8, 0x00, 0x00, 0xa5, 0x17, 0x12, 0x00, 0x6f, 0xc5, 0xac, 0x00, 0x48, 0xee, 0xef, 0x07,
    0x7e, 0x7e, 0xe0, 0xe7, 0x07, 0x7b, 0x0e, 0x70, 0xd4, 0xe1, 0x01, 0x7f, 0xc4, 0xe1, 0x07, 0x7c,
    0xcf, 0x57, 0xc0, 0xb5, 0x7b, 0xef, 0x68, 0xad, 0x29, 0x40, 0x22, 0x11, 0x38, 0xf8, 0x00, 0x00,
    0x01, 0x02, 0x01, 0x00, 0x07, 0x0e, 0x36, 0xff, 0x28, 0xf0, 0x23, 0xd9, 0xfc, 0x52, 0xd0, 0xf2,
    0x55, 0xd0, 0xf1, 0x54, 0xa0, 0xf3, 0x02, 0x30, 0x92, 0xca, 0x9f, 0x09, 0x66, 0xff, 0x71, 0xf0,
    0x00, 0x00, 0x00, 0x00, 0x27, 0x40, 0x22, 0x11, 0x38, 0xf8, 0x00, 0x00, 0x09, 0x0b, 0x01, 0x00,
    0x2f, 0x56, 0x0e, 0x66, 0x1f, 0x41, 0xe3, 0xf7, 0x11, 0x34, 0x7c, 0x1f, 0x66, 0xef, 0x21, 0x54,
    0x8c, 0x1f, 0x40, 0xc2, 0xf6, 0x61, 0xf6, 0x1e, 0x62, 0xf5, 0x00, 0x00, 0x30, 0xc0, 0x42, 0x01,
    0x30, 0xf8, 0x00, 0x00, 0xa6, 0x00, 0x12, 0x00, 0x07, 0x01, 0x9f, 0xf5, 0xec, 0x00, 0x45, 0xe9,
    0xec, 0x07, 0x8b, 0x0e, 0x90, 0xf5, 0xec, 0x00, 0x45, 0xea, 0xed, 0x07, 0x8b, 0x0e, 0x90, 0xf5,
    0xec, 0x00, 0x45, 0xca, 0xfd, 0x47, 0x05, 0x8c, 0xff, 0x79, 0x10, 0x00, 0x2c, 0x40, 0x22, 0x11,
    0x38, 0xf8, 0x00, 0x00, 0x04, 0x10, 0x01, 0x00, 0x4e, 0x6a, 0xe0, 0xd6, 0x06, 0x6e, 0x6d, 0xe0,
    0xf6, 0xb5, 0x08, 0xc4, 0xdc, 0xcf, 0xed, 0x1f, 0x02, 0x3a, 0x1f, 0xf5, 0x21, 0xb0, 0xf2, 0x73,
    0x4f, 0xc0, 0xfd, 0xbf, 0x04, 0x2b, 0x9a, 0x01, 0x2e, 0x40, 0x22, 0x11, 0x38, 0xf8, 0x00, 0x00,
    0x04, 0x10, 0x01, 0x00, 0x4f, 0xc6, 0x08, 0xc4, 0xdc, 0xcf, 0xed, 0x1f, 0x02, 0x3a, 0x0f, 0xf2,
    0x21, 0xa0, 0xf3, 0x20, 0x1f, 0x02, 0x2b, 0x3f, 0xf5, 0x04, 0xdc, 0xff, 0x4b, 0xa0, 0x91, 0x08,
    0x50, 0xd6, 0x1e, 0x64, 0xfc, 0x30, 0xbf, 0x01, 0x2b, 0x40, 0x22, 0x11, 0x38, 0xf4, 0x00, 0x00,
    0x01, 0x02, 0x01, 0x00, 0x0d, 0x36, 0x06, 0xfe, 0x6a, 0xe0, 0xaf, 0x06, 0xfb, 0x3b, 0x23, 0x03,
    0xf4, 0xe8, 0x05, 0xf0, 0x0a, 0x80, 0xe2, 0x0e, 0xf0, 0x2b, 0x2e, 0x14, 0x1e, 0x40, 0xef, 0x3c,
    0x01, 0x13, 0x03, 0x00, 0x30, 0x40, 0x22, 0x11, 0x38, 0xf4, 0x00, 0x00, 0x16, 0x02, 0x01, 0x00,
    0x01, 0x1c, 0x54, 0x33, 0xf0, 0x35, 0x8f, 0x2c, 0x00, 0xcc, 0x01, 0x3d, 0xce, 0x02, 0x1f, 0x32,
    0xaa, 0x1f, 0x00, 0x46, 0xff, 0x52, 0x80, 0xf9, 0x01, 0xcd, 0x45, 0x88, 0xaf, 0x00, 0xc4, 0xdf,
    0xef, 0x78, 0x20, 0x50, 0x34, 0x40, 0x22, 0x11, 0x38, 0xf4, 0x00, 0x00, 0x04, 0x10, 0x01, 0x00,
    0x41, 0x01, 0x38, 0x35, 0x00, 0xbc, 0xf0, 0x2a, 0x8f, 0x0a, 0xbc, 0xf6, 0x17, 0x9c, 0x4f, 0x2c,
    0x2d, 0xa0, 0x9f, 0xfc, 0xbf, 0x02, 0xd8, 0xcb, 0xbb, 0x0e, 0x80, 0xf1, 0xc9, 0x4b, 0xcf, 0x78,
    0xfc, 0xc3, 0x0b, 0xc6, 0xfe, 0x5e, 0x07, 0x01, 0x2f, 0x40, 0x22, 0x11, 0x38, 0xf8, 0x00, 0x00,
    0x01, 0x02, 0x01, 0x00, 0x07, 0x01, 0x18, 0x67, 0x00, 0xb2, 0x81, 0xd0, 0xff, 0x8a, 0xff, 0x18,
    0xf4, 0x95, 0xff, 0x8b, 0x02, 0xe5, 0x40, 0x4f, 0x02, 0x6b, 0x0e, 0xf4, 0x03, 0x6b, 0x8f, 0xfa,
    0x82, 0x0e, 0x66, 0xef, 0x01, 0x16, 0x0f, 0x00, 0x3d, 0x40, 0x82, 0x11, 0x50, 0xf8, 0x00, 0x00,
    0x2e, 0x02, 0x16, 0x00, 0x1f, 0x21, 0x07, 0x08, 0xfa, 0x0f, 0xa1, 0x8d, 0xce, 0x07, 0x70, 0xab,
    0x0e, 0x4d, 0xff, 0x38, 0x80, 0xf3, 0xf8, 0x45, 0xfc, 0x03, 0x58, 0x0f, 0x4f, 0x30, 0xff, 0x21,
    0x80, 0xf4, 0xf3, 0x04, 0xf5, 0x0b, 0xfa, 0x1f, 0xf2, 0x48, 0xe2, 0x0d, 0xe8, 0x8d, 0x40, 0xff,
    0x04, 0x3d, 0x06, 0x2f, 0x04, 0x00, 0x00, 0x00, 0x38, 0x40, 0x82, 0x11, 0x40, 0xf8, 0x00, 0x00,
    0x2f, 0x17, 0x05, 0x00, 0x0d, 0x67, 0x07, 0x0c, 0xe8, 0x5d, 0xca, 0x09, 0xd0, 0xf7, 0xe8, 0x00,
    0xb1, 0x19, 0xfe, 0x3a, 0x81, 0x25, 0xa0, 0x39, 0x3f, 0x02, 0x18, 0x7f, 0xa0, 0x49, 0x4f, 0x80,
    0x9c, 0x70, 0x46, 0x2f, 0x12, 0x2d, 0x8e, 0x02, 0x1f, 0xf6, 0x3f, 0x03, 0x5f, 0xb3, 0xad, 0x05,
    0x2c, 0x40, 0xa2, 0x11, 0x58, 0xf8, 0x00, 0x00, 0xa7, 0x02, 0x09, 0x00, 0x07, 0x07, 0x0e, 0x66,
    0xff, 0x21, 0xd0, 0x61, 0x5f, 0x19, 0xb0, 0xa2, 0x6e, 0x6f, 0xa0, 0xf1, 0x5e, 0xf6, 0x07, 0xcb,
    0x01, 0xf6, 0x07, 0x02, 0x6e, 0x7f, 0x20, 0xe0, 0xf6, 0x07, 0x07, 0x03, 0x2d, 0xc0, 0x41, 0x21,
    0x40, 0xf4, 0x00, 0x00, 0xa8, 0x2e, 0x0b, 0x00, 0x07, 0x38, 0x98, 0x59, 0x40, 0x8f, 0x9f, 0xfd,
    0xca, 0x3f, 0x0c, 0xb1, 0x19, 0x2f, 0xe6, 0x15, 0xf4, 0xb8, 0xe3, 0x1f, 0x10, 0x86, 0x93, 0xaf,
    0x74, 0xdf, 0x0e, 0x29, 0xef, 0x3d, 0x02, 0x1f, 0x02, 0x00, 0x00, 0x00, 0x31, 0x00, 0x22, 0x11,
    0x38, 0xf8, 0x00, 0x00, 0x30, 0x3e, 0x0c, 0x00, 0x07, 0x01, 0x18, 0x14, 0x20, 0x26, 0xf0, 0x23,
    0x8f, 0xa2, 0xdf, 0x90, 0xbf, 0xf8, 0x6a, 0xfd, 0xa0, 0x8c, 0x90, 0x0f, 0xf5, 0xa1, 0xd8, 0x51,
    0x5f, 0xf7, 0xc1, 0xf7, 0x2f, 0xf2, 0xe8, 0x10, 0xfc, 0x51, 0xde, 0x5e, 0x00, 0x00, 0x00, 0x00,
    0x1a, 0xc0, 0xa0, 0x41, 0x58, 0xf8, 0x00, 0x00, 0xa9, 0x3f, 0x0a, 0x00, 0x1b, 0x88, 0x56, 0x86,
    0x0a, 0xf3, 0xdf, 0x6a, 0x1f, 0x11, 0x14, 0x52, 0xe4, 0x03, 0x00, 0x00, 0x23, 0x40, 0xa1, 0x31,
    0x58, 0xf8, 0x00, 0x00, 0xaa, 0x40, 0x0a, 0x00, 0x1c, 0x76, 0x76, 0xa0, 0x30, 0xff, 0x3d, 0x65,
    0x59, 0x10, 0x78, 0xa5, 0xf6, 0x1a, 0xf3, 0xdf, 0x63, 0xb6, 0x10, 0x77, 0x75, 0xf0, 0x00, 0x00,
    0x22, 0xc0, 0x81, 0x21, 0x40, 0xf8, 0x00, 0x00, 0xab, 0x2f, 0x0b, 0x00, 0x07, 0x07, 0x05, 0x1f,
    0x07, 0x02, 0x7b, 0x1c, 0x24, 0x46, 0xeb, 0x7f, 0x9f, 0xf7, 0xdd, 0x62, 0x41, 0x65, 0x5e, 0x71,
    0x30, 0x00, 0x00, 0x00, 0x29, 0x40, 0x02, 0x11, 0x38, 0xf8, 0x00, 0x00, 0x31, 0x0b, 0x0c, 0x00,
    0x05, 0x3e, 0x54, 0xd0, 0xea, 0x45, 0xd8, 0xed, 0x4b, 0xdf, 0x5d, 0x36, 0x19, 0xe8, 0xb7, 0xf6,
    0x08, 0xf6, 0x04, 0x91, 0xef, 0x30, 0xf4, 0xc8, 0x00, 0x62, 0x77, 0xf5, 0x00, 0x00, 0x00, 0x00,
    0x2f, 0x40, 0x22, 0x11, 0x38, 0xf8, 0x00, 0x00, 0x17, 0x02, 0x0c, 0x00, 0x1f, 0x36, 0x0e, 0x6a,
    0xaf, 0x21, 0x44, 0xf9, 0x42, 0x08, 0x63, 0xa6, 0x6f, 0xd6, 0x05, 0x6a, 0x1f, 0x81, 0xf6, 0x25,
    0x82, 0x0f, 0x08, 0xf4, 0x7b, 0xc7, 0x2f, 0xf0, 0x3c, 0xff, 0x38, 0xf0, 0x11, 0x22, 0x00, 0x00,
    0x2d, 0x40, 0x42, 0x11, 0x40, 0xf8, 0x00, 0x00, 0xac, 0x17, 0x0b, 0x00, 0x0d, 0x64, 0x06, 0x3d,
    0xdb, 0x85, 0x0e, 0x77, 0x1f, 0xb1, 0xb8, 0xd4, 0x29, 0x14, 0xc0, 0x96, 0xf1, 0x05, 0x6c, 0x39,
    0x5d, 0xc0, 0x43, 0xf2, 0x33, 0x03, 0x1f, 0xf4, 0x1f, 0x03, 0x5f, 0xa3, 0x0f, 0x00, 0x00, 0x00,
    0x3b, 0x40, 0xa2, 0x11, 0x58, 0xf8, 0x00, 0x00, 0xad, 0x0b, 0x09, 0x00, 0x03, 0x2f, 0x66, 0x04,
    0x6f, 0xf6, 0x18, 0x00, 0x81, 0x51, 0x85, 0xf6, 0x56, 0x05, 0x70, 0xfe, 0x2e, 0xd0, 0xf7, 0x31,
    0x80, 0xef, 0x03, 0xe5, 0xff, 0xbe, 0x21, 0x80, 0x2d, 0x20, 0xbf, 0x34, 0xed, 0x2d, 0x04, 0x5e,
    0x2f, 0xd0, 0xd2, 0x4f, 0xe0, 0xa4, 0x03, 0x1d, 0x1c, 0x07, 0x04, 0x00, 0x3e, 0x40, 0xa2, 0x11,
    0x48, 0xf8, 0x00, 0x00, 0xae, 0x02, 0x02, 0x00, 0x07, 0x02, 0x11, 0x7a, 0x05, 0xa8, 0x43, 0x80,
    0x9e, 0xfd, 0x89, 0xff, 0xc8, 0x05, 0x10, 0x9f, 0x80, 0xf7, 0x20, 0xe8, 0xef, 0xa8, 0xff, 0x05,
    0xf2, 0x12, 0x80, 0xd3, 0xff, 0x5d, 0x00, 0x68, 0x0f, 0xc5, 0xff, 0xfc, 0x25, 0x80, 0xf9, 0x89,
    0xff, 0x4b, 0x04, 0x7a, 0x05, 0x98, 0x72, 0x70, 0x30, 0x00, 0x00, 0x00, 0x2b, 0x40, 0x62, 0x11,
    0x48, 0xf8, 0x00, 0x00, 0xaf, 0x0b, 0x06, 0x00, 0x1f, 0x46, 0x1c, 0x00, 0x66, 0xcf, 0x05, 0x20,
    0x74, 0x8d, 0x5f, 0x07, 0x1c, 0xcf, 0x69, 0xf0, 0x21, 0xff, 0x51, 0xa0, 0xf1, 0x37, 0x50, 0xe5,
    0xdb, 0x05, 0x50, 0xd6, 0x4f, 0x07, 0x04, 0xf2, 0x22, 0xc0, 0x61, 0x21, 0x48, 0xf8, 0x00, 0x00,
    0xb0, 0x2f, 0x02, 0x00, 0x0e, 0x73, 0x14, 0xf0, 0x7c, 0xef, 0x01, 0xc1, 0x56, 0x01, 0xce, 0x7a,
    0xd0, 0xd4, 0x7a, 0xd0, 0xfe, 0x7a, 0xd0, 0x43, 0x72, 0x00, 0x00, 0x00, 0x20, 0xc0, 0x41, 0x21,
    0x40, 0xf8, 0x00, 0x00, 0xb1, 0x42, 0x05, 0x00, 0x0e, 0x65, 0x18, 0xf0, 0x6a, 0xcf, 0x01, 0xca,
    0x07, 0xae, 0x6b, 0xd0, 0xc8, 0x69, 0xd0, 0xa8, 0x79, 0x70, 0xf0, 0xf0, 0x17, 0xc0, 0x20, 0x41,
    0x38, 0xf8, 0x00, 0x00, 0xb2, 0x43, 0x0c, 0x00, 0x4e, 0x36, 0xc1, 0x74, 0xa0, 0xf6, 0x1d, 0x54,
    0x13, 0x3d, 0x07, 0x00, 0x12, 0x40, 0x42, 0x00, 0x18, 0xf4, 0x00, 0x00, 0xb3, 0x18, 0x28, 0x05,
    0xaf, 0xd6, 0xbe, 0x63, 0xf4, 0x03, 0x00, 0x00, 0x13, 0x40, 0x61, 0x00, 0x28, 0xf4, 0x00, 0x00,
    0xb4, 0x19, 0x0f, 0x12, 0x0f, 0x12, 0x0e, 0x2d, 0xff, 0x4b, 0x00, 0x43, 0x10, 0xc0, 0x61, 0x00,
    0x28, 0xf4, 0x00, 0x00, 0x32, 0x0e, 0x0f, 0x28, 0x06, 0xdf, 0xf5, 0x16, 0x10, 0xc0, 0x61, 0x00,
    0x28, 0xf4, 0x00, 0x00, 0x32, 0x0e, 0x0f, 0x28, 0x06, 0xdf, 0xf5, 0x16, 0x13, 0x40, 0x62, 0x00,
    0x28, 0xf4, 0x00, 0x00, 0xb6, 0x13, 0x0f, 0x20, 0x07, 0x0e, 0x6d, 0xff, 0x72, 0xf1, 0x00, 0x00,
    0x14, 0x00, 0x63, 0x00, 0x28, 0xf4, 0x00, 0x00, 0xb7, 0x31, 0x0f, 0x25, 0x07, 0x03, 0xcf, 0xf7,
    0xf1, 0x17, 0x13, 0x0f, 0x12, 0x40, 0x42, 0x00, 0xf8, 0xf7, 0x00, 0x00, 0xb8, 0x13, 0x2a, 0x20,
    0xaf, 0xc6, 0x1e, 0x68, 0xfa, 0x01, 0x00, 0x00, 0x14, 0xc0, 0xa0, 0x00, 0x50, 0xf4, 0x00, 0x00,
    0x18, 0x0d, 0x04, 0x14, 0x03, 0xc8, 0x99, 0x4f, 0xfe, 0xdb, 0x86, 0x05, 0x14, 0xc0, 0xa0, 0x00,
    0x50, 0xf4, 0x00, 0x00, 0xba, 0x0d, 0x04, 0x14, 0x02, 0xe8, 0xbf, 0xfe, 0x6b, 0xcf, 0x64, 0x06,
    0x13, 0xc0, 0x80, 0x00, 0x08, 0xf4, 0x00, 0x00, 0x18, 0x0d, 0x1e, 0x14, 0xc8, 0xae, 0xfe, 0x7b,
    0xcf, 0x76, 0x06, 0x00, 0x14, 0xc0, 0xa0, 0x00, 0x50, 0xf4, 0x00, 0x00, 0x18, 0x0d, 0x04, 0x14,
    0x02, 0xe8, 0xaf, 0xfe, 0x8a, 0xcf, 0x01, 0x27, 0x1a, 0x80, 0xa1, 0x00, 0x50, 0xf4, 0x00, 0x00,
    0x19, 0x11, 0x04, 0x13, 0x06, 0xd8, 0x06, 0x8c, 0xfa, 0x85, 0xf8, 0xd6, 0xbf, 0xfc, 0xc9, 0x86,
    0x55, 0x68, 0x00, 0x00, 0x1b, 0x80, 0xa1, 0x00, 0x50, 0xf4, 0x00, 0x00, 0x19, 0x11, 0x04, 0x13,
    0x05, 0xd8, 0xbf, 0xfc, 0xcc, 0x1f, 0x8a, 0xcf, 0xe7, 0x52, 0x3f, 0x6a, 0x03, 0x45, 0x00, 0x00,
    0x1a, 0x80, 0x81, 0x00, 0x08, 0xf4, 0x00, 0x00, 0x19, 0x11, 0x1e, 0x13, 0xb8, 0x9e, 0xe9, 0xda,
    0x1f, 0x8b, 0xcf, 0xf6, 0x43, 0x4f, 0x8a, 0x05, 0x66, 0x00, 0x00, 0x00, 0x1d, 0xc0, 0xa1, 0x00,
    0x50, 0xf4, 0x00, 0x00, 0xbc, 0x11, 0x04, 0x19, 0x06, 0xd8, 0xcf, 0xf7, 0x2f, 0x8d, 0xcf, 0xf7,
    0x2f, 0xf7, 0x28, 0xf1, 0x08, 0x70, 0xc3, 0x40, 0x06, 0x3c, 0x00, 0x00, 0x26, 0x00, 0x42, 0x01,
    0x40, 0xf8, 0x00, 0x00, 0x05, 0x09, 0x05, 0x04, 0x01, 0xbe, 0x78, 0xe0, 0x9d, 0x05, 0x3a, 0xd2,
    0x4b, 0x31, 0x70, 0x9f, 0xef, 0xaa, 0xff, 0x3b, 0xb8, 0x07, 0xd0, 0x79, 0xe0, 0xad, 0x07, 0x4e,
    0x53, 0x00, 0x00, 0x00, 0x2f, 0x00, 0x42, 0x01, 0x40, 0xf4, 0x00, 0x00, 0x05, 0x09, 0x05, 0x04,
    0x01, 0x2d, 0x9e, 0x02, 0x31, 0x49, 0xbf, 0x43, 0xd1, 0xf5, 0x58, 0x11, 0xf4, 0x1d, 0x32, 0xe0,
    0x8f, 0x05, 0xfe, 0x48, 0xd0, 0xf4, 0x2c, 0xf0, 0x5d, 0x8f, 0x45, 0x55, 0xcf, 0x54, 0x1a, 0x00,
    0xc2, 0x29, 0xe0, 0x51, 0x12, 0xc0, 0x60, 0x00, 0x28, 0xf4, 0x00, 0x00, 0xbd, 0x0d, 0x2c, 0x14,
    0x98, 0x7a, 0xfe, 0x1b, 0xf2, 0x01, 0x00, 0x00, 0x20, 0x40, 0x63, 0x00, 0x28, 0xf8, 0x00, 0x00,
    0xbe, 0x44, 0x0f, 0x2c, 0x08, 0x9c, 0xf1, 0x0d, 0xfb, 0x59, 0x80, 0xf1, 0x1c, 0xdf, 0x60, 0x5f,
    0x03, 0x48, 0x13, 0xdf, 0xf1, 0xdc, 0x30, 0xf2, 0x45, 0xc0, 0x82, 0x01, 0x48, 0xf8, 0x00, 0x00,
    0xbf, 0x45, 0x06, 0x23, 0x01, 0x8c, 0xac, 0x32, 0x80, 0x01, 0x60, 0x6d, 0xda, 0x01, 0x38, 0xfb,
    0x01, 0xe5, 0x9a, 0xdc, 0xc4, 0xbf, 0x23, 0x90, 0x95, 0xed, 0xdf, 0x46, 0xc0, 0xd6, 0x9f, 0xf2,
    0xc8, 0x00, 0xe3, 0x8e, 0x81, 0xf3, 0x33, 0x0f, 0x10, 0x7f, 0x03, 0xbc, 0xff, 0x7a, 0xc0, 0xf8,
    0x7f, 0x06, 0x3b, 0x5f, 0xf5, 0x06, 0x1e, 0x2e, 0x7d, 0xc0, 0x61, 0x16, 0x01, 0x00, 0x00, 0x00,
    0x2a, 0xc0, 0x41, 0x01, 0x40, 0xf4, 0x00, 0x00, 0x35, 0x0e, 0x10, 0x0d, 0x04, 0x3f, 0x04, 0x78,
    0x8f, 0x00, 0xb1, 0x8f, 0x09, 0x40, 0xee, 0x04, 0x0b, 0xf7, 0x1e, 0x02, 0x3c, 0xfe, 0x35, 0xc0,
    0xb1, 0x9f, 0x04, 0x7c, 0xcf, 0x32, 0xd0, 0xe4, 0x67, 0x00, 0x00, 0x00, 0x29, 0xc0, 0x41, 0x01,
    0x40, 0xf8, 0x00, 0x00, 0x35, 0x0e, 0x10, 0x0d, 0x0d, 0x1a, 0x03, 0x2a, 0x09, 0xf3, 0x3b, 0x10,
    0x1d, 0x80, 0xf5, 0x07, 0x90, 0x3f, 0x02, 0x9a, 0x3f, 0xf5, 0x47, 0xc0, 0xfd, 0xbf, 0x05, 0x2c,
    0xef, 0x61, 0xe0, 0x35, 0x03, 0x2b, 0xdf, 0xf3, 0x33, 0xc0, 0x61, 0x01, 0x48, 0xf8, 0x00, 0x00,
    0xc1, 0x0e, 0x06, 0x0d, 0x01, 0x19, 0xb8, 0xcd, 0x4a, 0x03, 0xdc, 0xdf, 0x2c, 0x8f, 0x9d, 0xc0,
    0xef, 0xfe, 0xfa, 0xfd, 0x5f, 0x12, 0x3f, 0xb8, 0xea, 0xdf, 0x32, 0x8f, 0xbd, 0xd8, 0x1f, 0x91,
    0xf1, 0x7a, 0x40, 0xfe, 0x29, 0x90, 0xa2, 0x06, 0xa3, 0x16, 0x00, 0x00, 0x39, 0x80, 0x42, 0x01,
    0x40, 0xf8, 0x00, 0x00, 0xc2, 0x1a, 0x10, 0x0c, 0x7f, 0xd6, 0xc8, 0x20, 0xfa, 0xdf, 0x27, 0x26,
    0x80, 0x61, 0xfd, 0x4b, 0x00, 0x7f, 0xc3, 0xf2, 0xe8, 0x40, 0x77, 0xd8, 0xde, 0xad, 0x27, 0x90,
    0xf3, 0xce, 0xfc, 0x29, 0xe0, 0xb8, 0x02, 0x4e, 0x2f, 0x90, 0xf4, 0xac, 0xeb, 0x3b, 0xc0, 0x72,
    0x78, 0xc1, 0x07, 0x5d, 0x09, 0x00, 0x00, 0x00, 0x3c, 0x40, 0x23, 0x01, 0x50, 0xf8, 0x00, 0x00,
    0xc3, 0x46, 0x07, 0x49, 0x01, 0x9e, 0x67, 0xe0, 0x8b, 0x06, 0xbe, 0x2d, 0xff, 0x28, 0x10, 0x2b,
    0xfc, 0x24, 0xb0, 0x9b, 0x00, 0x31, 0x10, 0x2d, 0x87, 0x04, 0x10, 0xfc, 0xfc, 0xfe, 0x27, 0xb0,
    0xe6, 0xcf, 0x42, 0xc0, 0xd5, 0x4f, 0x03, 0xaa, 0xff, 0x6c, 0x21, 0xf0, 0x3b, 0xff, 0x27, 0x30,
    0xf3, 0x72, 0x20, 0x00, 0x30, 0x00, 0x62, 0x01, 0x48, 0xf4, 0x00, 0x00, 0x05, 0x09, 0x00, 0x1b,
    0x02, 0x5f, 0x06, 0xee, 0x45, 0xd0, 0xf3, 0x4b, 0xc0, 0xb9, 0x1f, 0x03, 0xec, 0xc4, 0x26, 0xb0,
    0xe4, 0x70, 0x2b, 0x80, 0x8a, 0x10, 0x1f, 0x00, 0xf8, 0x03, 0xc0, 0x07, 0xf5, 0x2e, 0xc0, 0xc7,
    0xb0, 0xf5, 0x27, 0x0f, 0x13, 0x00, 0x61, 0x00, 0x28, 0xf4, 0x00, 0x00, 0xc4, 0x47, 0x17, 0x4a,
    0x38, 0x44, 0xe0, 0xff, 0xc2, 0xdb, 0x1d, 0x00, 0x31, 0xc0, 0x62, 0x01, 0x48, 0xf4, 0x00, 0x00,
    0xc5, 0x1a, 0x00, 0x2e, 0x04, 0xaf, 0xb2, 0xaf, 0x04, 0x3e, 0x3f, 0x47, 0xe0, 0xb8, 0x07, 0x0d,
    0x6d, 0x05, 0x2b, 0x20, 0x1f, 0x04, 0x2b, 0x3f, 0xc7, 0x05, 0xab, 0xae, 0x7c, 0x05, 0x1b, 0xf3,
    0x1f, 0x07, 0xc1, 0x07, 0x0d, 0x75, 0x07, 0x07, 0x01, 0x00, 0x00, 0x00, 0x2d, 0x80, 0xc2, 0x00,
    0x30, 0xf4, 0x00, 0x00, 0xc6, 0x1a, 0x1f, 0x2e, 0x08, 0x62, 0x04, 0x30, 0x86, 0x04, 0xf5, 0xfc,
    0x8a, 0xf8, 0xfc, 0xc8, 0x08, 0x81, 0xfe, 0x03, 0xe6, 0xab, 0x18, 0xf5, 0x7f, 0x91, 0x8d, 0xe3,
    0xff, 0x46, 0xfe, 0xfb, 0x04, 0x20, 0x03, 0x2f, 0x01, 0x00, 0x00, 0x00, 0x1f, 0xc0, 0xa1, 0x00,
    0x30, 0xf4, 0x00, 0x00, 0xc7, 0x0f, 0x1f, 0x0d, 0x0f, 0x41, 0x03, 0xb8, 0xff, 0x7e, 0x9a, 0x15,
    0x83, 0xb6, 0x29, 0xfa, 0xcf, 0x58, 0x88, 0x16, 0x81, 0xed, 0x3b, 0x00, 0x33, 0x00, 0x43, 0x01,
    0x40, 0xf4, 0x00, 0x00, 0xc8, 0x48, 0x14, 0x25, 0x07, 0x07, 0x01, 0x2d, 0x6f, 0x07, 0x0c, 0xfc,
    0x21, 0xf0, 0x3a, 0x2d, 0x2f, 0xed, 0x53, 0x72, 0x8f, 0xf1, 0x73, 0x1e, 0x25, 0xd7, 0xfd, 0x3b,
    0xe7, 0xa1, 0xd1, 0xf2, 0xd4, 0x3f, 0x02, 0xde, 0x7e, 0xc0, 0x50, 0x4f, 0x07, 0x07, 0x02, 0x00,
    0x2b, 0xc0, 0x41, 0x01, 0x40, 0xf4, 0x00, 0x00, 0xc9, 0x0e, 0x20, 0x0d, 0x03, 0x58, 0x6d, 0x00,
    0xb2, 0x8f, 0x2a, 0x91, 0xcf, 0x03, 0x0b, 0xf8, 0x3f, 0x03, 0x2b, 0xfb, 0x2a, 0x03, 0x4c, 0xfd,
    0x47, 0xd0, 0x27, 0x40, 0xe1, 0xa0, 0xf4, 0x8e, 0x40, 0xf1, 0x30, 0x90, 0x2a, 0xc0, 0x41, 0x01,
    0x40, 0xf4, 0x00, 0x00, 0xca, 0x0f, 0x20, 0x1c, 0x7d, 0x3c, 0x03, 0x3b, 0xfc, 0x1a, 0x03, 0x5c,
    0xfd, 0x37, 0x80, 0xf4, 0x4f, 0x20, 0xfb, 0x99, 0x01, 0xf7, 0x3c, 0x02, 0x2e, 0x55, 0x40, 0xe1,
    0xd0, 0xf4, 0x8e, 0x40, 0xf1, 0x20, 0x7f, 0xf1,
};

#endif
